"ID","FIRST_NAME","LAST_NAME","EMAIL","PAYMENT_INSTRUMENT","IS_SILLY","START_DATE","SALARY"
1,"Vern","Rubinivitz","vrubinivitz0@typepad.com",5405254905920503,true,2020-08-19,48600.3
2,Jessy,Hennington,jhennington1@clickbank.net,3532309096677683,false,2020-08-11,119206.16
3,Mehetabel,Druitt,mdruitt2@naver.com,4405662921475042,false,2020-06-26,195284.14
4,Fanchette,Crockley,fcrockley3@tiny.cc,3550877941741026,true,2020-06-04,137926.05
5,Matty,Caccavari,mcaccavari4@craigslist.org,3535394206442449,false,2020-10-30,83003.1
6,Zuzana,Pittock,zpittock5@joomla.org,3550057710590637,true,2021-03-31,119183.5
7,Arnuad,Baggallay,abaggallay6@fotki.com,4041371587851997,true,2020-09-30,114099.02
8,Ninnetta,Armstead,narmstead7@wikipedia.org,4026881374166408,true,2020-10-30,157500.84
9,Christie,Wastie,cwastie8@ow.ly,3565316159887661,true,2021-02-09,132148.88
10,Faina,Moggie,fmoggie9@oaic.gov.au,201884559150549,true,2021-04-20,61520.68
11,Auberta,Blake,ablakea@bbb.org,561094958216845047,true,2020-12-28,99726.31
12,Cornie,Gully,cgullyb@msu.edu,5602240591559557,true,2020-07-18,195976.73
13,Kendal,Regnard,kregnardc@businessweek.com,3589952799544189,false,2020-12-04,198870.46
14,Noam,Petteford,npettefordd@posterous.com,6372116499036045,false,2021-01-07,62195.48
15,Giffer,Fairbairn,gfairbairne@fc2.com,3535389552922580,true,2020-08-17,90670.18
16,Niccolo,Sines,nsinesf@google.pl,3589251310345253,false,2021-05-20,141319.34
17,Janette,Pinfold,jpinfoldg@thetimes.co.uk,3567349253220164,false,2020-12-27,59170.58
18,Ivory,MacAndreis,imacandreish@ezinearticles.com,3549824880989574,false,2020-11-17,113899.9
19,Gauthier,Shotboulte,gshotboultei@prweb.com,3589376654201075,false,2021-04-20,100520.12
20,Katalin,Ciccoloi,kciccoloij@answers.com,374622990345885,true,2020-08-24,197960.73
21,Nike,Boken,nbokenk@alibaba.com,491180848339956810,false,2020-08-06,60205.22
22,Brianna,Northin,bnorthinl@ed.gov,4041593552666031,true,2020-09-03,156189.89
23,Durand,Ragbourne,dragbournem@google.co.jp,3581407775111360,false,2020-11-15,108747.8
24,Sharline,Surgood,ssurgoodn@artisteer.com,3552539147236403,true,2020-12-31,46087.4
25,Joeann,Lawn,jlawno@wisc.edu,201542327768311,true,2021-02-02,94354.66
26,Jay,Fruish,jfruishp@mapy.cz,633400127540339186,true,2020-08-28,158645.86
27,Almire,Pavis,apavisq@quantcast.com,6759421337266314220,true,2020-12-31,112244.19
28,Sybyl,O'Kielt,sokieltr@jugem.jp,3560878664379398,true,2021-02-16,110724.28
29,Janelle,Joy,jjoys@digg.com,30427925174814,false,2020-12-28,122965.92
30,Brandea,Offer,boffert@gmpg.org,3555395933522390,true,2021-02-20,41710.33
31,Dacey,Carberry,dcarberryu@bloglovin.com,3575137649285151,true,2020-06-23,98023.6
32,Tricia,Mance,tmancev@stumbleupon.com,4017959988148,false,2020-11-06,177190.89
33,Tito,McDonell,tmcdonellw@newyorker.com,5602259650008793,false,2020-10-01,69791.15
34,Lucio,Divall,ldivallx@hexun.com,63043214546925235,false,2021-04-24,88023.24
35,Patrica,Lindup,plindupy@salon.com,3542915214334995,false,2020-06-28,47733.9
36,Muire,Gudgion,mgudgionz@usnews.com,4508482318549283,true,2021-03-03,71266.86
37,Silvan,Pighills,spighills10@mail.ru,3552695446897640,false,2020-09-30,115997.01
38,Northrup,Wigfield,nwigfield11@deliciousdays.com,3568992521090098,true,2021-03-15,119731.56
39,Shandie,Bigrigg,sbigrigg12@cnn.com,3556597132787927,false,2021-03-20,105985.21
40,Consuela,Bardwall,cbardwall13@dell.com,374288312011611,false,2020-08-13,104935.58
41,Barde,Byng,bbyng14@ocn.ne.jp,374622079034681,true,2021-02-18,174202.86
42,Janis,Arstingall,jarstingall15@acquirethisname.com,201776978662049,false,2021-01-08,113850.94
43,Charmine,Fosdick,cfosdick16@utexas.edu,5602213374870943354,true,2020-08-25,69692.18
44,Violetta,Brettel,vbrettel17@unesco.org,4405413374790598,false,2020-06-06,74683.73
45,Emmey,Ferminger,eferminger18@nba.com,6333297992035870707,false,2020-12-02,83660.34
46,Levi,Millis,lmillis19@dagondesign.com,3553963377988138,false,2020-08-27,138183.59
47,Rustie,Bodicum,rbodicum1a@artisteer.com,6371888127949010,true,2020-09-25,192301.16
48,Gisele,Poli,gpoli1b@census.gov,3552666289054623,true,2021-01-06,174581.04
49,Tiphani,Episcopio,tepiscopio1c@netscape.com,3544138659524453,true,2020-11-26,184126.47
50,Papagena,Egel,pegel1d@fda.gov,5503248140069200,true,2020-08-24,76361.04
51,Heinrik,Attiwill,hattiwill1e@washingtonpost.com,5602240208011810,false,2021-03-17,175769.92
52,Rhianon,Joel,rjoel1f@trellian.com,5020031061795407,true,2021-04-04,45294.88
53,Perkin,Honig,phonig1g@google.com.br,3588848413322526,false,2020-09-01,126923.57
54,Winona,Portam,wportam1h@census.gov,30576317744897,false,2020-10-31,153470.62
55,Valentijn,Lande,vlande1i@aboutads.info,6759122531121039558,false,2021-02-16,142064.18
56,Reinwald,Danilin,rdanilin1j@webnode.com,4903993305540953,false,2020-10-17,46435.92
57,Donalt,Gouny,dgouny1k@home.pl,3532508927897929,true,2020-06-21,113176.18
58,Caitrin,Paike,cpaike1l@illinois.edu,560225238232165884,false,2021-05-20,52706.27
59,Giselbert,Drewett,gdrewett1m@creativecommons.org,5507858735515395,false,2021-01-22,169204.68
60,Sigismondo,Lattka,slattka1n@geocities.com,491135382236457801,true,2020-11-15,156622.52
61,Cam,Rodear,crodear1o@ucla.edu,5100138674851577,false,2021-03-16,150279.33
62,Skipton,de Chastelain,sdechastelain1p@epa.gov,5007660586268362,false,2021-02-16,179342.12
63,Clywd,Rosenqvist,crosenqvist1q@cnn.com,30462534818956,true,2020-08-07,41773.67
64,Onfroi,Studdard,ostuddard1r@illinois.edu,3555198417645962,true,2021-04-10,177076.8
65,Clemmy,Beyn,cbeyn1s@shutterfly.com,3581676812390597,true,2021-01-09,171966.2
66,Foss,Farre,ffarre1t@webeden.co.uk,6767352564239478,true,2020-12-24,170660.54
67,Rebbecca,Girton,rgirton1u@kickstarter.com,201978223170428,true,2021-01-25,51510.34
68,Georgie,Vaudre,gvaudre1v@un.org,3566817249319986,false,2020-09-24,118319.03
69,Foster,Forryan,fforryan1w@cargocollective.com,5002356955957892,true,2020-11-29,171177.3
70,Abey,Crawshaw,acrawshaw1x@liveinternet.ru,3587074511461394,false,2020-09-22,48350.17
71,Cookie,Cavie,ccavie1y@yelp.com,5602215818870474,false,2020-06-03,188217.2
72,Gretta,Vaughan-Hughes,gvaughanhughes1z@dropbox.com,3534536876689987,true,2020-09-18,72222.32
73,Sheffield,Ridgway,sridgway20@mysql.com,3580918470510426,true,2020-11-11,195116.58
74,Chris,Claypole,cclaypole21@ed.gov,3540152517106688,true,2021-01-18,190778.38
75,Denys,Mulcahy,dmulcahy22@paypal.com,3537456905949202,false,2020-07-15,160313.24
76,Hunfredo,Dakin,hdakin23@sourceforge.net,3528709918324511,false,2021-02-16,168271.15
77,Lori,Orwin,lorwin24@mediafire.com,3567378420993056,false,2020-07-21,94569.1
78,Foss,Bunclark,fbunclark25@earthlink.net,67625641873746403,true,2020-06-18,182167.6
79,Violet,Seagrave,vseagrave26@wunderground.com,3534102810744931,true,2021-05-06,86021.27
80,Selia,Dainter,sdainter27@fda.gov,3551905402483710,false,2020-10-21,181989.43
81,Giffy,Musico,gmusico28@github.io,4041374521934580,true,2021-01-19,134836.67
82,Hercules,Chotty,hchotty29@fda.gov,5893323726070322543,false,2021-04-20,124551.21
83,Hamlen,Robez,hrobez2a@dion.ne.jp,63040601335613019,true,2020-08-31,65378.55
84,Mia,Glyssanne,mglyssanne2b@google.com.br,3586064767753868,true,2020-08-19,61696.47
85,Rica,Clemot,rclemot2c@scribd.com,3582296029450834,false,2020-09-19,43515.62
86,Leanor,Walkingshaw,lwalkingshaw2d@merriam-webster.com,3538282583202048,false,2020-07-16,171050.2
87,Andrei,Saltmarsh,asaltmarsh2e@nps.gov,3553749507075551,false,2020-11-27,137422.98
88,Wolfie,Normant,wnormant2f@flavors.me,4041598143238,false,2020-11-16,87979.1
89,Evvy,Cassell,ecassell2g@flickr.com,3577196263404264,false,2020-11-06,110747.0
90,Emera,Leggs,eleggs2h@dell.com,3533783164753262,false,2020-09-09,119666.35
91,Miltie,Posvner,mposvner2i@geocities.jp,348937537080255,false,2020-05-25,152531.41
92,Blakelee,Ouver,bouver2j@hhs.gov,3586604664878951,true,2020-05-29,138829.39
93,Vivia,Overshott,vovershott2k@nature.com,5893797128108606251,true,2021-01-18,171345.83
94,Zorah,Bartel,zbartel2l@aol.com,633317052486521898,false,2020-09-13,63686.16
95,Carrol,Darridon,cdarridon2m@t.co,3568893261874073,true,2021-02-08,43032.56
96,Maude,Linnard,mlinnard2n@dropbox.com,3577996337432872,false,2021-05-20,128682.81
97,Huntley,Drewes,hdrewes2o@sphinn.com,5602225678823802,false,2021-03-15,189173.84
98,Kordula,Whitter,kwhitter2p@gravatar.com,3534820309287621,true,2021-05-16,157577.85
99,Lisette,Reinert,lreinert2q@bandcamp.com,5100141171850761,false,2020-12-31,151950.4
100,Alisander,Truett,atruett2r@istockphoto.com,372301711421158,true,2020-07-17,139272.99
101,Haze,De-Ville,hdeville2s@army.mil,3574241474439619,false,2020-08-19,88023.59
102,Stephine,Letertre,sletertre2t@imageshack.us,6381474843496947,true,2020-11-14,187601.87
103,Rhea,Mordue,rmordue2u@odnoklassniki.ru,4175009862768621,true,2020-09-14,191719.54
104,Scarface,Redgate,sredgate2v@loc.gov,50181555235398392,true,2020-10-08,161189.64
105,Hermann,Maty,hmaty2w@histats.com,3564122057484242,true,2020-11-11,69941.76
106,Micaela,Gatling,mgatling2x@phoca.cz,3546696233894948,true,2020-12-05,150898.86
107,Malina,Essam,messam2y@who.int,3584905895428124,true,2021-05-18,145139.91
108,Micheil,Barta,mbarta2z@godaddy.com,374283875122939,true,2021-03-05,160683.93
109,Suzann,Decruse,sdecruse30@sun.com,5602218580870920,true,2020-08-27,81162.25
110,Waneta,Cronk,wcronk31@homestead.com,3537825814713497,true,2021-04-07,146275.25
111,Helena,Orth,horth32@newyorker.com,67099295433223051,false,2021-02-24,69922.07
112,Lorenza,Redley,lredley33@comsenz.com,3541000780966172,true,2020-06-12,139602.33
113,Alfred,Martel,amartel34@deliciousdays.com,3587565076572194,true,2020-12-08,137884.87
114,Conan,Bridel,cbridel35@sphinn.com,4844849686930431,true,2021-04-11,157956.8
115,Pietrek,Pancast,ppancast36@slashdot.org,4026209685867177,false,2020-08-18,155268.31
116,Jamey,Saffon,jsaffon37@jalbum.net,30008522290482,true,2020-06-07,145845.23
117,Frances,Robbeke,frobbeke38@flickr.com,3528304780817279,false,2021-04-14,107272.56
118,Desmund,Sewall,dsewall39@shareasale.com,5610732575365530,true,2020-06-25,148754.68
119,Ulrick,Kopisch,ukopisch3a@sbwire.com,4041593240966686,false,2020-09-23,190293.82
120,Brande,Gaddes,bgaddes3b@alexa.com,3533555825046728,true,2020-08-19,102154.37
121,Cleon,Organer,corganer3c@usnews.com,201849286620734,true,2020-08-12,155967.55
122,Ofilia,Marner,omarner3d@networksolutions.com,4905671012638396407,false,2020-06-17,197088.11
123,Lorette,Colebourn,lcolebourn3e@1und1.de,4913321951407400,false,2021-01-19,151127.25
124,Lorilee,Mehaffey,lmehaffey3f@cafepress.com,6304132954616091,false,2021-04-08,45466.22
125,Udall,Schimoni,uschimoni3g@123-reg.co.uk,6370497962447956,true,2021-04-11,114504.49
126,Tucker,McIlroy,tmcilroy3h@ihg.com,3529720058247700,true,2020-07-07,83774.73
127,Denys,Sloley,dsloley3i@ehow.com,3564876941466737,true,2021-01-24,130069.11
128,Alica,Lamberton,alamberton3j@jugem.jp,3533523165844300,true,2021-02-03,143369.65
129,Tony,Ingilson,tingilson3k@example.com,675944786473932004,true,2020-06-26,166999.32
130,Forrest,Piris,fpiris3l@indiegogo.com,3560015765822584,true,2020-09-12,50384.33
131,Jolie,Riddall,jriddall3m@theatlantic.com,3538399176486034,false,2020-10-28,127184.93
132,Cal,Cerman,ccerman3n@cpanel.net,3573073507327938,true,2020-10-24,196473.4
133,Britni,MacKill,bmackill3o@bbb.org,3543587762962052,true,2020-10-16,154366.84
134,Ivar,Kerfod,ikerfod3p@youtube.com,675941787942477731,false,2020-12-11,70358.53
135,Zaria,Danzig,zdanzig3q@joomla.org,564182538716045541,true,2020-09-30,163562.94
136,Ansley,Dosdale,adosdale3r@networksolutions.com,3589761066815283,true,2021-01-14,117689.23
137,Torrance,Gilman,tgilman3s@kickstarter.com,4911041375035971432,true,2021-05-12,102594.27
138,Erda,Flannery,eflannery3t@cbsnews.com,3567510159293734,false,2020-08-03,101840.51
139,Kevon,McCurrie,kmccurrie3u@plala.or.jp,560221181662591852,false,2020-08-01,175081.43
140,Redford,Stonhewer,rstonhewer3v@redcross.org,3586521310210423,false,2020-12-10,167028.97
141,Urbanus,Agron,uagron3w@tuttocitta.it,4026593714630379,true,2020-12-09,131575.24
142,Skipton,Banner,sbanner3x@liveinternet.ru,6759738351776096654,true,2020-12-27,118164.25
143,Fanchon,Hannum,fhannum3y@answers.com,4905455702692140,false,2021-01-06,167366.5
144,Marion,Goter,mgoter3z@nifty.com,3534972269227848,true,2021-03-06,130116.25
145,Veronique,Drohan,vdrohan40@huffingtonpost.com,4405056669244423,false,2021-03-08,88350.46
146,Mohammed,Mabbutt,mmabbutt41@opensource.org,3532128692813934,true,2021-01-07,181496.38
147,Llywellyn,Groom,lgroom42@bbb.org,30493848537412,true,2020-12-19,42763.75
148,Cindi,Gilhooly,cgilhooly43@icio.us,56106516460945256,false,2020-10-08,100161.48
149,Jephthah,Quidenham,jquidenham44@altervista.org,4471801809207759,false,2020-09-06,90316.9
150,Kizzie,Gorgler,kgorgler45@ning.com,5602251115410243,false,2020-10-10,181644.47
151,Blane,Henworth,bhenworth46@blinklist.com,3586749357258456,false,2021-04-17,101046.16
152,Nev,Vidyapin,nvidyapin47@shareasale.com,5018347866716743,false,2020-12-25,195024.44
153,Dukie,Ottewell,dottewell48@google.com,3555177108251355,true,2020-08-25,80149.43
154,Ardeen,Maltster,amaltster49@thetimes.co.uk,3563104956374360,false,2020-06-24,87133.33
155,Gianina,Merrien,gmerrien4a@toplist.cz,3541263420399770,true,2020-06-10,88132.48
156,Richy,Chaldecott,rchaldecott4b@geocities.jp,5602259294657112,true,2020-08-19,66651.51
157,Lillian,Brewis,lbrewis4c@xinhuanet.com,375844061776801,true,2020-05-26,192559.61
158,Elwyn,Ducket,educket4d@mediafire.com,3565701460558376,true,2020-09-10,196363.86
159,Aguste,Luten,aluten4e@ted.com,3547606634608036,true,2021-02-18,146814.25
160,Sile,Siddaley,ssiddaley4f@nbcnews.com,3545800346625543,true,2020-09-19,191428.06
161,Wynnie,Ruller,wruller4g@wikia.com,3528300413068918,false,2021-04-27,59343.61
162,Enos,Farmery,efarmery4h@unicef.org,560223776942801670,false,2021-05-16,136612.81
163,Marcus,Brimilcome,mbrimilcome4i@typepad.com,3582157510368788,true,2021-04-20,158602.16
164,Dale,Kee,dkee4j@domainmarket.com,4844708472685577,false,2020-11-04,68949.03
165,Cassie,Wigin,cwigin4k@nydailynews.com,6334165239768656599,false,2021-03-24,177704.15
166,Erek,Gomes,egomes4l@typepad.com,4301133935146,false,2021-05-12,168371.02
167,Elias,Chisolm,echisolm4m@sciencedaily.com,3543770904483241,true,2020-08-12,83765.95
168,Evan,Limbrick,elimbrick4n@symantec.com,4175006735018572,true,2021-02-17,115909.01
169,Terese,Phillcock,tphillcock4o@people.com.cn,4917377277087397,false,2020-11-15,180977.58
170,Tedda,Clynman,tclynman4p@sphinn.com,3552803030160793,false,2020-12-02,65733.63
171,Emalee,Filippyev,efilippyev4q@reverbnation.com,3586237600799831,false,2020-08-01,80341.69
172,Reggie,Wiskar,rwiskar4r@usgs.gov,56022110376752351,false,2021-04-11,139799.44
173,Nessi,Collyns,ncollyns4s@craigslist.org,4913839867719493,false,2020-08-22,181460.27
174,Malvina,Biasioli,mbiasioli4t@xrea.com,3576840296338566,false,2020-11-09,186252.55
175,Errol,Foston,efoston4u@eventbrite.com,201529704790091,true,2020-11-06,188361.34
176,Omar,Gready,ogready4v@google.nl,4041591633276,true,2020-10-04,156644.82
177,Gabriel,Reignard,greignard4w@dailymail.co.uk,374622807972764,false,2020-12-16,47005.75
178,Konstance,Dumpleton,kdumpleton4x@reuters.com,3553079136505707,true,2021-02-25,190378.06
179,Norah,Cranage,ncranage4y@stanford.edu,3563118592293347,true,2021-04-03,99991.0
180,Elspeth,Harber,eharber4z@weather.com,3584738092962482,true,2021-01-08,60681.24
181,Rolando,Gierek,rgierek50@bing.com,5048375475859723,false,2020-11-23,177368.32
182,Minor,Bresson,mbresson51@xinhuanet.com,30502902579654,false,2021-02-26,199614.92
183,Ernst,Janousek,ejanousek52@quantcast.com,3542671943852290,false,2020-10-07,171392.51
184,Benji,Enevold,benevold53@qq.com,201936427704962,false,2020-07-13,139495.21
185,Isaiah,Speakman,ispeakman54@si.edu,3577556112293053,false,2020-08-03,94141.01
186,Roxine,Kattenhorn,rkattenhorn55@instagram.com,3530685291228709,false,2020-07-12,102322.19
187,Ursula,Seymark,useymark56@bandcamp.com,372301683039434,false,2020-10-30,90444.13
188,Datha,Isgate,disgate57@themeforest.net,3561593713465838,false,2020-07-26,58154.72
189,Vivyan,Maplethorp,vmaplethorp58@mac.com,6709176856652960,true,2020-05-25,164896.99
190,Demetris,Baff,dbaff59@bloglines.com,3554935772756103,true,2020-09-30,182794.72
191,Codee,Wartnaby,cwartnaby5a@yolasite.com,3580510706718236,true,2020-07-07,75389.21
192,Mallory,Whatman,mwhatman5b@merriam-webster.com,3580639272921898,false,2021-01-26,190423.15
193,Pearle,Tompkin,ptompkin5c@yahoo.com,060488444267065014,true,2021-03-15,71500.33
194,Portie,MacFadyen,pmacfadyen5d@baidu.com,3552412958327655,true,2021-01-04,77438.29
195,Hephzibah,Tighe,htighe5e@webmd.com,4175008755010067,false,2021-04-07,138317.85
196,Berton,Muskett,bmuskett5f@yellowbook.com,3575349717980155,true,2020-07-25,97422.08
197,Bibi,Dummer,bdummer5g@walmart.com,3547809754189676,true,2020-07-01,80317.87
198,Wynnie,Blaszczak,wblaszczak5h@list-manage.com,4508938926080821,true,2021-01-09,91310.29
199,Gerard,Arkill,garkill5i@tripod.com,3536550009969867,true,2021-01-31,160850.62
200,Conway,McColm,cmccolm5j@wikispaces.com,3580211467449216,false,2021-04-22,126195.41
201,Horatia,Hailston,hhailston5k@spotify.com,5893948225725928742,true,2020-05-27,102445.29
202,Arabel,Tiuit,atiuit5l@vimeo.com,4026108414750953,true,2021-02-22,69681.44
203,Jan,Guilloton,jguilloton5m@soup.io,3544275940718484,true,2020-07-18,50105.05
204,Camila,MacCallester,cmaccallester5n@smugmug.com,3566615554152392,false,2021-01-22,152520.12
205,Bab,Paddie,bpaddie5o@dedecms.com,3559353459542470,true,2020-12-25,185362.0
206,Britt,Artindale,bartindale5p@1688.com,3571593066587236,false,2020-11-04,66263.95
207,Willi,Serchwell,wserchwell5q@biglobe.ne.jp,3585722430773107,false,2020-10-30,188441.56
208,Dasie,Ivanets,divanets5r@nhs.uk,30531385265267,false,2021-01-13,136052.1
209,Haleigh,Scola,hscola5s@netscape.com,4917894133340380,true,2020-11-23,143153.18
210,Babbette,Ox,box5t@howstuffworks.com,6759708914403660,true,2020-09-01,76321.18
211,Kevon,Sowthcote,ksowthcote5u@google.co.uk,4041372270603,false,2021-04-13,153960.67
212,Petra,Swinley,pswinley5v@twitter.com,5602241025769276795,false,2021-02-22,62853.57
213,Fran,Glowacha,fglowacha5w@pbs.org,3542117221001028,true,2020-12-24,74536.02
214,Kiley,Blick,kblick5x@cocolog-nifty.com,3561688373268199,true,2020-10-10,112121.19
215,Nickie,Duckhouse,nduckhouse5y@bloomberg.com,4041371001033,true,2021-04-29,137366.21
216,Sidonia,Tippell,stippell5z@barnesandnoble.com,6759753282286719,false,2021-05-03,105811.0
217,Trueman,Ribeiro,tribeiro60@zdnet.com,6762589231795077493,false,2020-12-22,105859.8
218,Garald,Chene,gchene61@mac.com,3574258717381143,true,2020-08-03,162738.43
219,Guthry,Frewer,gfrewer62@telegraph.co.uk,374283816047088,false,2021-01-15,153404.35
220,Cassie,Plaschke,cplaschke63@opensource.org,490597517524162026,true,2020-10-25,100231.61
221,Verla,Kevis,vkevis64@naver.com,201595705991491,true,2021-01-09,145010.6
222,Phip,Punt,ppunt65@hc360.com,3555226688110604,true,2020-11-03,166159.32
223,Shelli,Allso,sallso66@kickstarter.com,3588865099522252,true,2021-01-22,60802.36
224,Shawn,Gorvin,sgorvin67@scientificamerican.com,30228284904514,false,2020-09-24,123305.55
225,Wolf,Tinker,wtinker68@istockphoto.com,3540719641489493,false,2020-11-12,165318.79
226,Marsh,Elia,melia69@google.com.hk,3585966723661145,true,2021-04-06,165958.46
227,Augusto,Townley,atownley6a@pcworld.com,3565127746548843,true,2020-10-07,184350.86
228,Ana,Bridgen,abridgen6b@geocities.com,6373172534184935,true,2020-12-27,53751.74
229,Lanna,Joddens,ljoddens6c@nymag.com,56022464596555668,true,2021-05-18,189311.27
230,Lorens,Rebanks,lrebanks6d@technorati.com,3581895168370306,true,2020-11-12,136450.51
231,Fulvia,Sterndale,fsterndale6e@dailymotion.com,3563716178960286,true,2020-11-02,105423.17
232,Rex,Huggon,rhuggon6f@google.de,0604474960871094729,false,2020-12-07,52087.76
233,Cordy,Kennedy,ckennedy6g@salon.com,3573894692569996,true,2021-05-19,70686.53
234,Obed,McNeilly,omcneilly6h@google.pl,3585343519833496,false,2020-12-10,118457.25
235,Carr,Falk,cfalk6i@addtoany.com,3546324755558987,false,2020-10-05,97846.65
236,Delia,Ferie,dferie6j@sun.com,6391241218234676,false,2020-08-17,61853.9
237,Bord,Antoszewski,bantoszewski6k@bloglovin.com,3573660035291220,false,2020-11-29,143308.02
238,Dell,Husband,dhusband6l@1und1.de,201966963321129,true,2021-02-01,169341.5
239,Tiertza,Gonzales,tgonzales6m@jigsy.com,201760627162312,false,2021-02-16,154142.97
240,Boonie,Ochterlony,bochterlony6n@ucla.edu,4508167056845692,false,2020-08-11,126470.05
241,Carilyn,Anselmi,canselmi6o@ucla.edu,5610779997135967,false,2020-10-17,176760.14
242,Gloriane,Boissieux,gboissieux6p@dyndns.org,67618416255541154,true,2020-09-20,179855.05
243,Lyle,Blankman,lblankman6q@dailymotion.com,3529687510059025,false,2020-11-13,50325.56
244,Herve,Blueman,hblueman6r@nasa.gov,6771612053516825,false,2020-09-21,194612.57
245,Colene,Stead,cstead6s@cnbc.com,3552263034622324,false,2020-06-12,96956.83
246,Bart,Elsip,belsip6t@cpanel.net,5610251893262154,false,2020-08-21,81512.89
247,Laural,Wagstaff,lwagstaff6u@seattletimes.com,5100179059641001,true,2020-07-20,92191.98
248,Rance,Paulo,rpaulo6v@mashable.com,201541166755082,true,2021-02-16,114631.15
249,Ingmar,Flynn,iflynn6w@hubpages.com,4041591453014,false,2020-05-28,71284.11
250,Sharlene,Wildt,swildt6x@vkontakte.ru,3534297234621093,true,2020-12-06,88256.43
251,Sindee,Quarlis,squarlis6y@1und1.de,3554030116547630,true,2020-08-27,176086.55
252,Albrecht,Alvarado,aalvarado6z@cmu.edu,30350485458965,true,2021-01-09,149804.65
253,Keeley,Laflin,klaflin70@un.org,3554627681813683,false,2021-01-04,178165.01
254,Enrika,Yokelman,eyokelman71@goo.gl,3560547626986455,false,2020-12-08,172526.2
255,Gualterio,Fellos,gfellos72@marketwatch.com,56108910210160944,false,2020-10-20,115995.49
256,Remington,Le - Count,rlecount73@barnesandnoble.com,6767334603413882446,true,2020-12-04,190691.26
257,Goraud,Naisey,gnaisey74@pbs.org,201498735655998,false,2020-08-17,93299.64
258,Kass,Cham,kcham75@scribd.com,3531055858303635,true,2020-12-23,181715.93
259,Loralee,Boscott,lboscott76@ucoz.com,6304974689726426,true,2020-08-17,129428.05
260,Noreen,Chmiel,nchmiel77@wiley.com,374622852323582,false,2021-04-25,185824.23
261,Emmett,Ireson,eireson78@hatena.ne.jp,374288878687077,false,2020-05-26,77778.87
262,Paton,Limon,plimon79@engadget.com,560223718960622430,true,2020-10-21,81446.2
263,Fanya,Vearncomb,fvearncomb7a@twitpic.com,3565721050091729,false,2020-09-03,94208.21
264,Allister,Woodrow,awoodrow7b@so-net.ne.jp,3536844218611109,true,2021-01-03,53791.84
265,Marian,Yukhin,myukhin7c@wordpress.com,3533785243168875,false,2021-04-28,67674.32
266,Frankie,Mitchely,fmitchely7d@salon.com,3538633920999524,false,2020-11-03,173388.36
267,Corbin,Mullin,cmullin7e@addthis.com,6706158750406043,true,2021-04-03,129797.49
268,Guenna,Clowton,gclowton7f@aboutads.info,36600185218695,true,2020-10-24,102567.14
269,Sigfrid,Midden,smidden7g@netscape.com,4405149657067383,false,2021-04-15,142831.97
270,Robbie,Mabey,rmabey7h@friendfeed.com,3537059560311054,false,2020-11-01,105154.23
271,Clemmy,Mouncher,cmouncher7i@nymag.com,633110122159380747,true,2020-08-19,172419.26
272,Thornton,Lattka,tlattka7j@msn.com,201809829074633,true,2021-03-15,144850.87
273,Daveta,Garoghan,dgaroghan7k@tripadvisor.com,5602210773809567,false,2020-09-05,70785.38
274,Addi,Rays,arays7l@google.cn,374283166664789,false,2020-11-06,78893.6
275,Isadore,Birt,ibirt7m@twitpic.com,3560311466996110,true,2020-08-16,51329.6
276,Teresa,Mingame,tmingame7n@guardian.co.uk,5149241586240302,false,2020-11-11,154330.38
277,Cassie,Southall,csouthall7o@sakura.ne.jp,633310049950798827,true,2020-07-03,102746.54
278,Alfons,Sleep,asleep7p@ow.ly,3566909112443538,true,2021-01-30,147970.47
279,Gabriel,Kunzler,gkunzler7q@blinklist.com,5522855230170214,false,2020-12-06,126757.62
280,Illa,Towson,itowson7r@sfgate.com,5002353343642740,false,2020-07-26,88424.91
281,Coleen,Swanwick,cswanwick7s@merriam-webster.com,30313871275153,true,2021-02-13,145300.85
282,Dionis,McIlvenny,dmcilvenny7t@last.fm,3575883778578433,true,2020-08-13,70873.62
283,Abeu,Limprecht,alimprecht7u@wikispaces.com,50181280537191466,true,2021-01-05,181681.62
284,Astrix,Fance,afance7v@youtube.com,374283622856763,true,2021-02-11,64458.62
285,Adiana,Bencher,abencher7w@dailymail.co.uk,3552522220982689,true,2020-08-05,185378.58
286,Brooks,Weatherall,bweatherall7x@merriam-webster.com,5641826315565506649,false,2020-06-12,94555.19
287,Joelynn,Rableau,jrableau7y@mlb.com,6709906060170221,true,2021-03-14,153737.32
288,Marcie,Van Der Vlies,mvandervlies7z@utexas.edu,3529505842486650,false,2021-01-01,156103.88
289,Cindie,Mc Menamin,cmcmenamin80@1688.com,5007663311610403,true,2020-10-11,110289.0
290,Jack,Wellfare,jwellfare81@ebay.co.uk,3560026450294328,true,2020-06-07,95866.64
291,Pansy,Huck,phuck82@redcross.org,58935520962883968,true,2020-12-23,78178.33
292,Cynthy,Axup,caxup83@engadget.com,564182320293055775,false,2020-09-30,104342.61
293,Jerri,Stronach,jstronach84@shutterfly.com,3572475395598085,false,2020-09-23,63306.45
294,Geri,Parrot,gparrot85@squarespace.com,4017955661477669,false,2020-11-26,141744.01
295,Cari,Parrin,cparrin86@eepurl.com,5007661565605913,true,2021-03-24,79356.47
296,Lombard,Halls,lhalls87@sciencedirect.com,5568139610655234,true,2020-11-15,185721.13
297,Killy,Carbin,kcarbin88@state.gov,5010128161726985,false,2020-08-22,63748.24
298,Kaylyn,Faircloth,kfaircloth89@ucsd.edu,3563054259640373,true,2020-05-26,186646.17
299,Cleo,Holby,cholby8a@blogs.com,3577784521391561,false,2020-06-07,157291.08
300,Berky,Atterley,batterley8b@ehow.com,5602237126989010,false,2020-07-16,58017.88
301,Wolf,Varns,wvarns8c@geocities.jp,4508420840108566,false,2020-12-20,82511.35
302,Lacy,Scargill,lscargill8d@themeforest.net,4911115273252227,true,2020-11-11,79789.77
303,Leoline,Nixon,lnixon8e@eepurl.com,3537048077675218,true,2020-12-24,69907.84
304,Vanya,Hartup,vhartup8f@dmoz.org,3528331797822075,false,2020-06-28,81831.35
305,Danella,Jerson,djerson8g@yellowbook.com,3549743739322250,true,2020-07-25,73600.89
306,Billy,Attwoull,battwoull8h@reddit.com,5136302234742092,false,2020-09-07,134144.15
307,Jasmin,Courtman,jcourtman8i@ow.ly,5602236715230411925,false,2020-08-27,149285.51
308,Marti,Joriot,mjoriot8j@businessinsider.com,3562356311358725,true,2020-08-27,178189.51
309,Godfrey,Adami,gadami8k@nyu.edu,201946064536619,true,2020-12-17,156140.94
310,Pearle,Dilks,pdilks8l@spotify.com,3570617966266830,true,2020-08-09,127730.64
311,Maxie,Scare,mscare8m@usgs.gov,589396250007609626,false,2021-04-19,109461.17
312,Ellwood,Odby,eodby8n@samsung.com,3583757074174933,false,2020-09-26,130775.74
313,Cosimo,Lemmens,clemmens8o@goo.ne.jp,560225185954243698,true,2020-09-07,128552.75
314,Roselle,Shilston,rshilston8p@hugedomains.com,3564784357260174,false,2020-09-26,82052.25
315,Beth,Brantzen,bbrantzen8q@storify.com,675903473648214803,true,2020-06-16,148153.44
316,Drud,Piggen,dpiggen8r@nhs.uk,5018958091269819,false,2020-10-27,185005.4
317,Trula,Canlin,tcanlin8s@issuu.com,30593086499769,true,2020-08-19,156774.75
318,Bogart,Knowling,bknowling8t@blogtalkradio.com,3542234207835392,false,2021-04-19,131112.61
319,Alfie,Siene,asiene8u@aol.com,67590914346003137,false,2020-06-29,98040.1
320,Gay,Birkwood,gbirkwood8v@samsung.com,3565183329733138,false,2021-03-15,137547.88
321,Gabie,Kleimt,gkleimt8w@networkadvertising.org,374288504434365,false,2020-08-18,161254.52
322,Don,Duchart,dduchart8x@1und1.de,3555163954646914,false,2020-08-06,186645.77
323,Avivah,Tures,atures8y@yelp.com,5602257020907710,true,2021-01-06,95626.72
324,Elysha,Kaufman,ekaufman8z@icio.us,30459385885936,false,2020-12-12,119710.36
325,Lena,Bradden,lbradden90@theglobeandmail.com,3580062509327799,true,2021-03-20,67730.45
326,Pate,Murrhaupt,pmurrhaupt91@mayoclinic.com,5602220783524163,true,2020-09-21,69008.49
327,Bridgette,Hamil,bhamil92@eventbrite.com,4041379013709,false,2021-03-07,93189.32
328,Evan,Pinck,epinck93@networkadvertising.org,4405178128817704,true,2021-04-07,46634.13
329,Horace,Rojahn,hrojahn94@1und1.de,3564014183579450,true,2020-12-21,43904.62
330,Louisa,Wenderott,lwenderott95@jiathis.com,374622432999075,false,2020-06-20,146946.85
331,Codie,Bouchier,cbouchier96@constantcontact.com,372301306812597,true,2020-09-01,61351.4
332,Margaret,Grizard,mgrizard97@soup.io,3583881062154549,false,2021-02-27,79033.94
333,Livvie,Douglas,ldouglas98@yellowbook.com,3539578965396004,false,2020-11-04,176934.14
334,Janenna,Burdon,jburdon99@pen.io,56022436686351604,false,2020-11-15,150031.16
335,Kermie,Hovie,khovie9a@edublogs.org,3545113782887498,true,2020-07-22,187212.43
336,Lorene,Mackrell,lmackrell9b@spotify.com,201881099879710,false,2021-04-28,64098.88
337,Karia,Sansbury,ksansbury9c@boston.com,3574433010295981,false,2020-12-16,192881.89
338,Ingunna,Swinerd,iswinerd9d@zdnet.com,376770601708260,true,2021-01-22,129896.26
339,Madelyn,Rylstone,mrylstone9e@berkeley.edu,3583826067353406,false,2020-06-06,163225.79
340,Tina,Mulqueen,tmulqueen9f@mayoclinic.com,4041376125910,false,2020-11-15,158406.84
341,Donalt,Docket,ddocket9g@slashdot.org,3548347105931537,false,2021-02-03,97535.26
342,Kelcy,Kliement,kkliement9h@purevolume.com,4405864746417833,false,2020-11-15,129500.55
343,Elna,Petrello,epetrello9i@imdb.com,4911755623741526,true,2020-06-11,43335.96
344,Davida,Hindenberger,dhindenberger9j@google.ru,201927726114938,false,2021-04-23,55959.4
345,Ofilia,Eversfield,oeversfield9k@answers.com,5484686518867999,false,2020-08-21,176539.61
346,Florella,Negro,fnegro9l@amazon.co.jp,370800165784401,false,2021-01-02,161170.75
347,Bearnard,Ploughwright,bploughwright9m@ucoz.com,3530339413502175,true,2021-03-17,53332.18
348,Napoleon,Hatcliffe,nhatcliffe9n@guardian.co.uk,374622262898355,false,2021-01-20,115329.33
349,Britney,McCrackem,bmccrackem9o@fda.gov,3586910769657632,false,2020-10-07,184817.46
350,Tadd,Binnie,tbinnie9p@admin.ch,3559862584154498,true,2021-03-05,168871.07
351,Alix,Forsbey,aforsbey9q@uiuc.edu,4936121762301260,false,2020-06-09,53096.7
352,Gerard,Brosini,gbrosini9r@state.gov,201703109561171,true,2021-02-23,132067.55
353,Cassaundra,Kerrod,ckerrod9s@eventbrite.com,4913836551336659,true,2020-07-20,176801.35
354,Tiff,Minard,tminard9t@youtu.be,3543554018890875,true,2021-04-07,127749.77
355,Xerxes,Mitchley,xmitchley9u@goo.gl,4917424903963698,false,2020-09-07,107396.47
356,Alf,Abbison,aabbison9v@godaddy.com,5018040006083112959,true,2020-11-16,141890.43
357,Joey,Russi,jrussi9w@blogs.com,6334102177847105228,false,2021-04-23,196112.24
358,August,Dri,adri9x@apple.com,675961258205118631,false,2020-09-05,98255.68
359,Francesco,Dutnell,fdutnell9y@jigsy.com,3582587032677649,true,2020-09-26,176218.65
360,Mortimer,Shovell,mshovell9z@tiny.cc,4844843157345625,false,2021-03-02,69691.96
361,Bar,Wilden,bwildena0@tiny.cc,3587205606034825,true,2020-05-31,136990.26
362,Maison,Bowker,mbowkera1@weather.com,4936706920033654,true,2021-03-14,68319.99
363,Munmro,Leare,mlearea2@t-online.de,30292408047931,false,2021-02-23,144492.88
364,Brana,Van de Vlies,bvandevliesa3@amazon.co.jp,6390244266237154,false,2021-01-02,172871.65
365,Avrit,Greenhow,agreenhowa4@merriam-webster.com,3560910999000272,true,2020-08-28,145967.95
366,Bevan,Halewood,bhalewooda5@a8.net,377815781547472,false,2021-02-09,77385.39
367,Eddi,Shadfourth,eshadfourtha6@state.gov,4844317945184687,true,2021-05-17,141638.18
368,Sigrid,Nisen,snisena7@people.com.cn,3528034847620404,false,2021-02-24,188437.99
369,Ynes,Benedidick,ybenedidicka8@ezinearticles.com,3546902894424482,false,2020-09-28,138912.68
370,Hugh,Caesmans,hcaesmansa9@xinhuanet.com,3581150373795099,false,2021-02-05,162744.21
371,Pauly,Ayling,paylingaa@topsy.com,060470845067407620,false,2020-08-28,172064.74
372,Deborah,Bessey,dbesseyab@craigslist.org,5602252242417945,true,2021-05-10,132149.11
373,Deerdre,Gresch,dgreschac@zdnet.com,3537528206264547,true,2020-11-08,81611.8
374,Bradan,Palffy,bpalffyad@merriam-webster.com,201924673104277,true,2020-11-23,149099.17
375,Mella,Moxstead,mmoxsteadae@fc2.com,490596439210437920,false,2021-03-28,111552.72
376,Berty,Alway,balwayaf@mtv.com,3554975229106635,false,2020-07-21,44020.38
377,Christa,Tarn,ctarnag@opera.com,6709509966341972022,false,2021-02-21,146731.86
378,Cammy,Castellini,ccastelliniah@mozilla.com,3533011790273947,true,2020-12-02,56484.0
379,Cecelia,Stimpson,cstimpsonai@cbsnews.com,3538109464316151,true,2020-06-05,83857.66
380,Mohandis,Covert,mcovertaj@eepurl.com,3575872298466864,true,2020-11-12,141184.77
381,Doe,Aspinal,daspinalak@ucoz.com,5020709103186249545,true,2020-12-16,99576.95
382,Bobette,Convery,bconveryal@ebay.com,201460455591365,false,2020-08-02,120437.08
383,Rawley,Gonzalvo,rgonzalvoam@seattletimes.com,3536899996601268,true,2020-10-01,175338.14
384,Eloise,Joyce,ejoycean@example.com,4128604355649,true,2021-03-30,182199.28
385,Giacobo,Twiddell,gtwiddellao@sciencedaily.com,6377214147245426,true,2021-03-05,80885.13
386,Adoree,Reignould,areignouldap@globo.com,3534679869558726,false,2020-11-27,119892.89
387,Ursulina,O'Sullivan,uosullivanaq@senate.gov,3548841609090717,false,2020-07-06,116174.24
388,Seumas,Henner,shennerar@xrea.com,3573481551491452,true,2020-08-13,85879.78
389,Roselle,Balderston,rbalderstonas@webs.com,4041594414567,false,2020-06-03,125914.9
390,Costa,Dring,cdringat@eventbrite.com,3554273693590322,true,2020-11-21,170624.98
391,Archibaldo,McGraffin,amcgraffinau@biblegateway.com,3543503715080686,true,2020-11-25,177659.87
392,Vanna,Reder,vrederav@independent.co.uk,201431108507249,false,2021-03-28,130408.81
393,Shellysheldon,Paolino,spaolinoaw@people.com.cn,30275472404716,false,2020-06-19,134088.94
394,Melisande,Ford,mfordax@cisco.com,4903631925813877,false,2021-01-22,128934.49
395,Aubrie,Grime,agrimeay@cam.ac.uk,3583610215011540,true,2020-06-11,100669.87
396,Hewe,Freezer,hfreezeraz@blogger.com,201695677129581,false,2020-11-04,88879.55
397,Tim,Kimmince,tkimminceb0@amazon.com,3572113540626465,true,2020-08-29,57767.9
398,Carlina,Trunchion,ctrunchionb1@marriott.com,201475495741077,true,2020-06-05,110250.87
399,Jessy,Bunclark,jbunclarkb2@pagesperso-orange.fr,4913415650121880,true,2021-05-08,134378.97
400,Lonny,Stubbins,lstubbinsb3@blinklist.com,670623318211422475,false,2020-06-17,184725.22
401,Manfred,Elcox,melcoxb4@java.com,5602251221302300,true,2020-09-28,120461.93
402,Coralyn,Merali,cmeralib5@opensource.org,4917376342048111,false,2020-06-14,146207.0
403,Franklyn,Moland,fmolandb6@gmpg.org,3576997217995567,false,2020-06-29,175095.37
404,Jenna,Paddon,jpaddonb7@latimes.com,6771365213141511749,false,2021-04-07,146608.24
405,Jeralee,Pattingson,jpattingsonb8@globo.com,0604874379076101401,false,2020-09-02,167850.99
406,Ravi,Bullard,rbullardb9@jimdo.com,374622095705710,true,2021-02-24,75565.77
407,Bernadette,Tyt,btytba@patch.com,5108759541687902,false,2020-06-05,70057.78
408,Winny,Ryman,wrymanbb@house.gov,6333790122430293931,true,2020-11-04,121564.66
409,Daffy,Aggott,daggottbc@scientificamerican.com,3579860212642153,true,2021-03-11,193076.53
410,Jordan,Dalgarnocht,jdalgarnochtbd@yahoo.co.jp,676255618905732440,true,2020-11-24,141658.99
411,Bernelle,Logsdale,blogsdalebe@timesonline.co.uk,3559415437441545,true,2020-06-19,167658.61
412,Rhea,Van Arsdall,rvanarsdallbf@hud.gov,3571412634219158,true,2020-09-19,187434.39
413,Angil,Stoven,astovenbg@google.it,6304062323900688,false,2021-01-26,116753.69
414,Powell,Macklam,pmacklambh@parallels.com,3580872960780306,true,2020-11-12,198876.84
415,Sharl,Screas,sscreasbi@tripadvisor.com,5513563293557969,true,2020-06-02,199257.25
416,Rodolph,Schapero,rschaperobj@hexun.com,491109096383746558,false,2020-07-29,90967.61
417,Trip,Trevna,ttrevnabk@gravatar.com,3548900560573143,true,2021-01-10,41128.93
418,Sollie,Randleson,srandlesonbl@timesonline.co.uk,3585541413707159,true,2020-09-22,96358.76
419,Juieta,Agronski,jagronskibm@furl.net,3560642446676392,true,2021-01-21,63721.44
420,Vincent,Ilyin,vilyinbn@sbwire.com,5602258762719222,false,2021-04-20,156479.69
421,Torey,Janaway,tjanawaybo@multiply.com,3538681482600683,true,2020-12-30,122927.19
422,Marlo,Gisbourn,mgisbournbp@hp.com,630446527420623827,true,2021-03-25,187852.89
423,Gregg,Brocklesby,gbrocklesbybq@who.int,3555240122378958,true,2021-02-16,43957.96
424,Bennett,Bails,bbailsbr@wunderground.com,30019728386495,false,2021-02-26,118310.84
425,Drugi,Washington,dwashingtonbs@booking.com,4913877429041964,false,2020-07-13,40993.61
426,Genna,Eton,getonbt@alexa.com,3545376882470404,false,2020-10-07,134716.39
427,Sigmund,Spellicy,sspellicybu@webs.com,5287736500390929,true,2020-12-26,162066.71
428,Jorge,Prestwich,jprestwichbv@shinystat.com,67630660883136242,false,2020-07-14,98899.35
429,Dolores,Jeacock,djeacockbw@uiuc.edu,630413761464806241,false,2020-10-19,80046.37
430,Benedetta,Wynes,bwynesbx@biglobe.ne.jp,560222690166001001,true,2020-07-26,143431.86
431,Belia,Johnsee,bjohnseeby@meetup.com,201620635190764,true,2020-06-01,159896.81
432,Thorin,Duran,tduranbz@indiegogo.com,5602250368495752,true,2021-03-30,79477.11
433,Owen,Sumption,osumptionc0@rediff.com,30259186666877,false,2020-08-07,57393.19
434,Caroline,Yabsley,cyabsleyc1@eepurl.com,5602225379691896,false,2020-12-04,171319.91
435,Jerrome,Brodhead,jbrodheadc2@msu.edu,3541477196759799,false,2020-11-20,173887.38
436,Curry,Terrett,cterrettc3@wiley.com,3587123871046020,false,2021-04-11,71380.8
437,Melodie,Trobridge,mtrobridgec4@mtv.com,5100130281177298,true,2020-10-03,137503.79
438,Auberta,Lemonnier,alemonnierc5@devhub.com,3539536560043926,true,2020-09-11,41842.89
439,Reine,Crambie,rcrambiec6@elegantthemes.com,6376468707676666,true,2020-10-15,52493.48
440,Britta,Mitchenson,bmitchensonc7@disqus.com,374288273441724,true,2020-12-20,150779.4
441,Gretna,Tod,gtodc8@stumbleupon.com,3583985018048539,false,2020-09-26,125635.44
442,Clemmy,Fairfull,cfairfullc9@google.de,3535067549325949,false,2021-05-19,45317.58
443,Moises,Fewless,mfewlessca@earthlink.net,4508175515479300,false,2020-06-07,187300.68
444,Nev,Found,nfoundcb@smugmug.com,5602224337135278,false,2021-01-26,42512.43
445,Mary,Balint,mbalintcc@lycos.com,633110951880246417,false,2020-07-29,194943.54
446,Mabelle,Giametti,mgiametticd@apache.org,5610596109714269,true,2021-01-21,147102.33
447,Penny,Marris,pmarrisce@mozilla.com,201457272828780,false,2020-10-14,60310.01
448,Ramon,Latchford,rlatchfordcf@squarespace.com,30300523639886,false,2020-07-20,111539.25
449,Elias,Willmer,ewillmercg@amazon.com,3560556204770504,false,2020-10-29,168524.04
450,Josepha,Webster,jwebsterch@dot.gov,201615306961493,true,2020-07-19,140606.1
451,Felipe,Jackson,fjacksonci@plala.or.jp,3544308694212733,true,2021-01-15,194376.2
452,Lon,Plumstead,lplumsteadcj@digg.com,491148004721843056,false,2020-09-03,173640.65
453,Crista,Falconbridge,cfalconbridgeck@twitter.com,5602253914002037426,true,2020-08-08,179505.71
454,Thomas,Blazevic,tblazeviccl@tripod.com,3555130641205180,false,2020-08-17,99943.7
455,Stanislas,Geaveny,sgeavenycm@taobao.com,5602219174026804,true,2020-07-05,179180.47
456,Ed,Rabidge,erabidgecn@trellian.com,6771053145438510512,true,2020-07-01,47495.78
457,Twyla,Braunlein,tbraunleinco@google.com.au,3566565296583539,true,2020-11-25,152656.29
458,Cris,Antwis,cantwiscp@wiley.com,3576255260594971,false,2020-11-21,152139.12
459,Sophie,Lemerie,slemeriecq@smugmug.com,676133765857802990,false,2020-09-19,102353.37
460,Arny,Markushkin,amarkushkincr@diigo.com,3576427838672403,true,2020-06-16,175996.72
461,Regan,Mattack,rmattackcs@blogger.com,5602242971666141294,true,2020-06-02,193488.73
462,Bordy,Ollerton,bollertonct@tumblr.com,372301413973639,true,2020-07-22,50423.08
463,Edik,Lapworth,elapworthcu@ihg.com,50201392105470762,false,2021-01-15,119485.62
464,Cad,Saffrin,csaffrincv@dot.gov,379224445131708,true,2020-08-17,90315.91
465,Sandro,Bayston,sbaystoncw@twitpic.com,3562063744127095,true,2021-02-27,177002.34
466,Brigid,Lawie,blawiecx@trellian.com,3528192130960711,true,2020-08-25,108554.21
467,Horace,Cicerone,hciceronecy@state.gov,670642700037420113,false,2020-10-14,43045.06
468,Orel,Fold,ofoldcz@usa.gov,63043757735589071,false,2020-09-15,84305.34
469,Bearnard,Anker,bankerd0@imageshack.us,50203033254342406,false,2020-07-09,105037.94
470,Ganny,Risbridger,grisbridgerd1@ihg.com,4175007709181883,false,2020-06-14,105804.04
471,Nora,Langmuir,nlangmuird2@usnews.com,201466945008845,true,2021-03-11,44914.39
472,Jeramey,Jerschke,jjerschked3@wsj.com,3560060963528229,true,2021-02-25,147780.26
473,Gene,Birley,gbirleyd4@youku.com,560224970963854788,true,2021-05-13,163373.3
474,Sharity,Costock,scostockd5@delicious.com,561050451404879996,true,2020-07-05,115155.65
475,Mareah,Huniwall,mhuniwalld6@surveymonkey.com,3582441205677699,true,2020-09-18,60773.55
476,Tiff,Snowding,tsnowdingd7@forbes.com,6762662494662721,true,2020-09-19,189414.76
477,Annice,Klicher,aklicherd8@vkontakte.ru,201899365672742,true,2020-10-16,181953.66
478,Gillan,Kyles,gkylesd9@miibeian.gov.cn,3528668574132446,true,2020-09-19,107134.69
479,Albrecht,Neasham,aneashamda@ox.ac.uk,36340217015583,true,2020-07-20,60936.73
480,Sharla,Kordas,skordasdb@bing.com,5100138839163488,false,2020-09-27,145188.47
481,Shea,Drache,sdrachedc@amazon.com,3549144263908137,true,2020-12-19,111188.34
482,Ashton,Hayen,ahayendd@nyu.edu,5100133557260475,false,2020-07-19,73347.02
483,Balduin,Birney,bbirneyde@bloglines.com,4508608631163994,false,2020-10-15,104337.64
484,Riobard,de Castelain,rdecastelaindf@skyrock.com,3556759892980361,false,2020-12-02,178085.91
485,Lothario,Redier,lredierdg@pcworld.com,4508283596073628,true,2020-11-09,192993.87
486,Eadith,Goose,egoosedh@gravatar.com,675966864168578334,false,2020-07-11,157225.1
487,Lief,Caine,lcainedi@webmd.com,30005780181205,false,2020-08-02,83970.3
488,Chev,Bownas,cbownasdj@hubpages.com,3588942068228367,true,2020-12-03,176848.59
489,Bernadette,O'Day,bodaydk@myspace.com,677197953489758431,true,2020-12-11,149828.14
490,Adelbert,Talloe,atalloedl@liveinternet.ru,675910931107296596,true,2021-01-31,98835.04
491,Abbe,Gordon,agordondm@springer.com,5602245980893376,false,2020-09-07,43131.76
492,Ken,Janko,kjankodn@barnesandnoble.com,3579087561338890,false,2020-12-15,51241.95
493,Adrian,Dunkersley,adunkersleydo@imageshack.us,337941594124058,false,2020-10-31,162328.5
494,Frederik,Philippet,fphilippetdp@goodreads.com,3575117499362714,false,2021-03-19,108244.32
495,Vikky,Cosgry,vcosgrydq@deliciousdays.com,4913503582530789,false,2020-10-09,143775.68
496,Christean,Sallenger,csallengerdr@bing.com,5108756527686387,true,2020-06-30,170389.14
497,Edeline,Nitti,enittids@biglobe.ne.jp,3560004208524163,false,2020-09-14,156671.45
498,Luigi,Shallcross,lshallcrossdt@cloudflare.com,5002357137893534,false,2021-02-17,104243.94
499,Hildagard,Veschambes,hveschambesdu@blogs.com,3534105622527246,false,2021-04-14,46843.69
500,Johnathan,Duchart,jduchartdv@example.com,3579980593075995,true,2020-08-23,75757.76
501,Vinson,Tocknell,vtocknelldw@wisc.edu,3587224522371369,true,2020-10-30,103179.6
502,Geoff,Handlin,ghandlindx@unicef.org,5602251273942904,false,2020-12-03,165571.62
503,Lanni,Bedborough,lbedboroughdy@army.mil,5147213378839353,true,2020-05-23,133141.16
504,Reeva,Ranfield,rranfielddz@liveinternet.ru,6759587708023797,true,2021-05-01,109462.96
505,Kandy,Waye,kwayee0@naver.com,4175004053953967,false,2021-03-25,40602.06
506,Jedidiah,Scully,jscullye1@sciencedaily.com,3552697521090802,false,2020-07-09,71490.08
507,Rosabelle,Gerretsen,rgerretsene2@ox.ac.uk,4844021188895047,false,2021-02-03,104528.88
508,Matteo,Manna,mmannae3@bing.com,3583095958453523,false,2020-09-25,126152.19
509,Verge,Sarch,vsarche4@ning.com,3558907755899685,false,2020-07-05,100706.56
510,Lidia,Hendron,lhendrone5@china.com.cn,374918908179816,false,2021-05-12,147181.9
511,Dael,Nickels,dnickelse6@bizjournals.com,5020288438038233993,true,2020-10-24,180987.28
512,Lou,Bofield,lbofielde7@wikipedia.org,5048373125522015,false,2021-02-28,98276.31
513,Peg,Poynser,ppoynsere8@house.gov,3589786744160497,false,2020-07-14,72539.51
514,Lind,Prine,lprinee9@xing.com,3540466738079494,false,2021-05-21,98020.35
515,Tally,Zottoli,tzottoliea@businesswire.com,3552671249057492,false,2020-10-27,110548.4
516,Etta,Hadny,ehadnyeb@admin.ch,5108751681906655,true,2020-10-05,52876.46
517,Dael,Linzey,dlinzeyec@flavors.me,5100173231608772,false,2020-12-26,174863.43
518,Dalia,Jedrachowicz,djedrachowiczed@free.fr,5602210253033969,false,2020-11-20,93140.3
519,Drake,Culy,dculyee@acquirethisname.com,5602228647918629447,true,2020-06-25,96362.17
520,Errick,Rope,eropeef@ucoz.ru,3530787319535881,false,2020-10-04,166118.97
521,Shaw,O'Connolly,soconnollyeg@umn.edu,30009920890659,false,2021-01-31,91889.95
522,Ashlee,Mewes,ameweseh@adobe.com,3564679421503692,false,2021-04-25,91801.53
523,Annabell,Nehl,anehlei@bigcartel.com,56022429131367671,false,2021-02-23,150757.14
524,Niall,Casley,ncasleyej@goo.gl,347642251842804,false,2020-11-24,50723.87
525,Rickert,Fer,rferek@answers.com,3544672184021817,false,2021-03-26,76582.12
526,Tybie,Mulles,tmullesel@hexun.com,3565105256197524,false,2021-05-14,191496.14
527,Rosanna,Muncer,rmuncerem@about.com,5610303947268842,false,2020-07-29,177942.14
528,Cece,Worshall,cworshallen@hud.gov,3529220866955420,true,2021-04-17,138825.96
529,Haily,Novotne,hnovotneeo@webs.com,3552139714342336,false,2021-04-09,133284.35
530,Ibby,Twelvetrees,itwelvetreesep@usnews.com,370355152959524,false,2020-08-12,110332.26
531,Colver,Sambeck,csambeckeq@marriott.com,6370330225691088,false,2021-01-31,152213.36
532,Gray,Forbes,gforbeser@wsj.com,3562419077332340,true,2020-09-19,47205.45
533,Darlleen,Gendrich,dgendriches@bbc.co.uk,676230103811822916,false,2020-10-15,159624.64
534,Aloysius,De Bruyn,adebruynet@de.vu,63045449197756269,true,2021-01-20,90182.7
535,Vasili,Hatcher,vhatchereu@amazon.co.jp,3550935689589039,true,2021-03-25,181332.72
536,Lishe,Bolles,lbollesev@moonfruit.com,560222938849479304,false,2020-11-24,162672.68
537,Guenevere,Haugen,ghaugenew@mapy.cz,3568101859994885,true,2020-10-01,127013.79
538,Haze,Barchrameev,hbarchrameevex@telegraph.co.uk,4913143291458699,false,2020-12-20,97940.86
539,Lucie,Gorini,lgoriniey@topsy.com,3586886424499513,false,2021-03-05,79096.85
540,Derril,Scard,dscardez@smh.com.au,5108752227896830,true,2020-08-26,191001.97
541,Quincy,Fuxman,qfuxmanf0@delicious.com,3531111084678900,true,2020-09-23,48512.15
542,Ichabod,Cansdale,icansdalef1@china.com.cn,374288490102729,false,2020-09-17,71995.76
543,Staford,McSparran,smcsparranf2@vistaprint.com,5108755817568289,false,2021-01-24,126727.41
544,Dorris,MacClure,dmaccluref3@simplemachines.org,30400766526426,true,2020-12-26,112725.19
545,Brietta,Isacq,bisacqf4@ifeng.com,670982341878789791,false,2020-05-30,87643.08
546,Purcell,Mayers,pmayersf5@dagondesign.com,337941299945591,true,2020-12-28,74826.32
547,Reinwald,Kermon,rkermonf6@scientificamerican.com,3571777853491591,true,2021-01-15,52037.68
548,Philomena,Reynold,preynoldf7@chicagotribune.com,3550492913374416,true,2020-11-22,84171.12
549,Allin,Sworne,aswornef8@hc360.com,5602248482368590,false,2020-07-27,152912.19
550,Shaine,Dignall,sdignallf9@mayoclinic.com,30193307676566,false,2020-08-11,174867.93
551,Rosana,Peete,rpeetefa@surveymonkey.com,3589008231679438,false,2021-02-27,136624.62
552,Henri,Mauro,hmaurofb@flavors.me,630455369786093255,true,2020-11-07,168248.0
553,Luigi,Brusle,lbruslefc@springer.com,3588940504751083,false,2020-11-20,189529.03
554,Tanhya,Bentall,tbentallfd@purevolume.com,4913939773691339,true,2021-03-21,182094.63
555,Zelma,Hubert,zhubertfe@parallels.com,3583520128224629,false,2021-02-23,138291.69
556,Kale,Shapero,kshaperoff@skype.com,5020662445867619,false,2020-12-25,199443.04
557,Vanessa,Whieldon,vwhieldonfg@infoseek.co.jp,4175007701776250,true,2020-09-02,110095.58
558,Gwenora,Beert,gbeertfh@slideshare.net,5100132682982367,true,2021-03-12,86259.01
559,Austin,Atwel,aatwelfi@msu.edu,5355702248447162,true,2020-07-23,130527.16
560,Arley,Denisovich,adenisovichfj@printfriendly.com,4844044997647656,true,2020-06-16,138006.32
561,Theobald,Felderer,tfeldererfk@1und1.de,30397542982792,false,2021-05-01,179202.25
562,Amelie,Semaine,asemainefl@cdc.gov,4041592802102102,false,2020-10-20,55756.95
563,Christean,Losbie,closbiefm@edublogs.org,3575475407648453,false,2020-07-19,78976.07
564,Ingunna,Warnock,iwarnockfn@ftc.gov,6333609495776103281,false,2020-08-17,97896.16
565,Mic,Ferrolli,mferrollifo@nps.gov,3567412526417353,false,2020-11-22,78019.94
566,Marketa,Caroline,mcarolinefp@shareasale.com,3587563190424343,false,2021-01-23,197354.46
567,Fallon,Smallthwaite,fsmallthwaitefq@paypal.com,4936191554001477,true,2020-09-16,51049.48
568,Diane-marie,Derrington,dderringtonfr@addthis.com,4905517161956520,true,2020-06-07,40118.84
569,Olivier,Whistlecraft,owhistlecraftfs@liveinternet.ru,67628828789045916,false,2020-07-14,56869.96
570,Hershel,Million,hmillionft@technorati.com,3538544708244985,true,2021-05-02,59555.36
571,Darrell,Loudiane,dloudianefu@cargocollective.com,560225008474219677,false,2020-11-10,116731.95
572,Edie,Vodden,evoddenfv@deviantart.com,3570543232466915,false,2020-07-17,128580.07
573,Shelagh,Stroyan,sstroyanfw@va.gov,5038674918630706326,true,2020-06-08,95782.01
574,Kimbell,Shimmans,kshimmansfx@artisteer.com,6706261142509902,false,2020-08-23,78853.43
575,Kathy,Malcolm,kmalcolmfy@last.fm,3555872402100247,false,2021-05-09,157410.4
576,Lorene,O'Dowgaine,lodowgainefz@trellian.com,4017958465620534,false,2020-07-31,84578.06
577,Abbe,Wild,awildg0@marketwatch.com,3557592797768717,false,2020-12-26,145939.09
578,Vallie,Marushak,vmarushakg1@istockphoto.com,5100148408100787,true,2020-10-08,93284.47
579,Andrei,Pickring,apickringg2@istockphoto.com,3531755325166198,true,2021-05-12,50917.87
580,Gigi,Strutley,gstrutleyg3@msn.com,3535225351187928,true,2021-01-30,129608.53
581,Budd,Taffs,btaffsg4@reddit.com,3549333668343483,false,2021-01-17,180019.37
582,Esmaria,Jennrich,ejennrichg5@boston.com,3556172129754965,false,2020-07-16,84955.86
583,Linda,Camerello,lcamerellog6@artisteer.com,560224049810352575,false,2021-03-14,101274.29
584,Megen,Redsell,mredsellg7@chron.com,633352250031034922,true,2020-12-30,161328.4
585,Frasco,Rodda,froddag8@google.es,3579576896761073,false,2021-02-04,70109.91
586,Luisa,Chesshyre,lchesshyreg9@google.es,5602255231628356,true,2020-10-03,174270.32
587,Gerrilee,Bettis,gbettisga@wikipedia.org,3560709060848050,false,2020-08-26,170368.57
588,Claribel,Rime,crimegb@msu.edu,3570857163215020,false,2021-04-18,128229.8
589,Karol,Corona,kcoronagc@miitbeian.gov.cn,56022278238590598,true,2020-10-25,71512.9
590,Demetris,Aindriu,daindriugd@prweb.com,3589428202847204,false,2020-11-23,83880.55
591,Whitaker,Cottisford,wcottisfordge@japanpost.jp,3581137192716133,false,2020-11-11,102972.68
592,Franklin,Lawling,flawlinggf@booking.com,3543084740914447,true,2021-02-28,170349.31
593,Adria,Brew,abrewgg@ameblo.jp,3555550802155124,false,2021-02-15,112387.35
594,Vivien,Bengefield,vbengefieldgh@freewebs.com,5002355158731856,true,2021-01-29,125564.49
595,Dyana,Pagin,dpagingi@princeton.edu,374622640680996,true,2021-02-18,165645.96
596,Rivkah,Goymer,rgoymergj@bigcartel.com,3553231870370356,false,2021-04-12,64374.77
597,Ignacius,Crallan,icrallangk@privacy.gov.au,3534035248127362,false,2021-04-29,182255.3
598,Darleen,Dodd,ddoddgl@free.fr,4911338966497145,true,2020-08-01,166971.3
599,Candi,Biddlestone,cbiddlestonegm@foxnews.com,3576918873091392,false,2020-10-22,97841.14
600,Sadye,Ivers,siversgn@google.pl,3562321270945730,true,2021-02-20,175955.27
601,Cordy,Frick,cfrickgo@barnesandnoble.com,3587940833954888,false,2021-02-17,114023.0
602,Row,Turvey,rturveygp@bbb.org,3528024787246922,false,2020-11-07,43247.54
603,Carver,Woodham,cwoodhamgq@alexa.com,5165580130451165,false,2020-09-29,185994.62
604,Elsbeth,Maskall,emaskallgr@princeton.edu,50384987238625502,false,2020-09-13,63021.57
605,Talia,Joincey,tjoinceygs@people.com.cn,3550739196183199,true,2020-10-19,60467.76
606,Gae,Corselles,gcorsellesgt@java.com,5573361548513375,false,2021-05-01,81522.9
607,Marthena,Bradforth,mbradforthgu@hatena.ne.jp,5610471229002273601,true,2020-07-08,142795.24
608,Jacquette,Tourmell,jtourmellgv@purevolume.com,3548080212428531,true,2021-01-01,93764.28
609,Sandi,Derington,sderingtongw@webmd.com,343912193799642,false,2020-11-20,87671.97
610,Ferrell,Quayle,fquaylegx@wsj.com,5610624901861854,true,2020-07-05,172280.93
611,Mirna,Alvaro,malvarogy@soup.io,3575158558583030,true,2020-07-27,141344.82
612,Maximilianus,Hexam,mhexamgz@oracle.com,3529084244846127,false,2021-01-05,116087.05
613,Lianne,Attreed,lattreedh0@microsoft.com,5100148290042345,false,2021-04-08,62310.44
614,Alfi,Ioselevich,aioselevichh1@cdc.gov,6762637016183812979,true,2020-09-13,48157.69
615,Washington,Firpo,wfirpoh2@theguardian.com,4844803875238346,false,2020-11-23,70685.79
616,Gerry,Chard,gchardh3@pen.io,3573360255665845,true,2020-12-06,190135.5
617,El,Colliar,ecolliarh4@geocities.com,3551844004416861,true,2020-09-26,170818.65
618,Garner,Semark,gsemarkh5@reuters.com,5118543545641497,false,2021-04-17,172307.31
619,Leesa,Fossey,lfosseyh6@discovery.com,3558645527318911,false,2020-12-20,154777.11
620,Pooh,Meeny,pmeenyh7@cdc.gov,3578720847736138,true,2020-06-05,156170.52
621,Gunner,Candelin,gcandelinh8@ft.com,3531702942508246,true,2020-12-26,73545.37
622,Orson,Bellam,obellamh9@google.com.au,3586133059856687,true,2020-10-04,128434.34
623,Colette,Belcham,cbelchamha@mashable.com,3574612445037734,false,2020-10-17,110152.53
624,Amberly,Frowing,afrowinghb@cnbc.com,3562970993417573,true,2020-07-13,63998.44
625,Konstantin,Edlin,kedlinhc@rambler.ru,3532611505029384,true,2021-01-24,113316.92
626,Sargent,Capehorn,scapehornhd@sogou.com,374288061917562,true,2020-08-20,138473.09
627,Richard,Beckerleg,rbeckerleghe@zimbio.com,3528629044184391,true,2021-01-29,112820.94
628,Lucais,Shiel,lshielhf@bbc.co.uk,5893608743140973672,false,2021-02-02,197379.32
629,Hyman,Mulrooney,hmulrooneyhg@ycombinator.com,3556535568841263,false,2021-04-08,99475.9
630,Colan,Farmar,cfarmarhh@netscape.com,3589602872426305,true,2020-09-08,73046.53
631,Mellicent,Hourahan,mhourahanhi@woothemes.com,3588873959742671,false,2021-05-04,161901.16
632,Ellette,Aldwinckle,ealdwincklehj@cmu.edu,6392788685943667,false,2021-02-13,159055.13
633,Helsa,Jaques,hjaqueshk@netscape.com,676324962122611640,true,2020-11-09,86166.75
634,Tally,Lambard,tlambardhl@addtoany.com,5602256475909908,false,2021-02-09,128324.9
635,Chase,Danko,cdankohm@vk.com,4041596517196275,true,2020-07-17,51936.72
636,Dolly,Menhci,dmenhcihn@bluehost.com,6304586643600677,false,2021-04-07,140824.44
637,Abbe,Henriquet,ahenriquetho@theglobeandmail.com,201463169874093,true,2020-06-02,91790.1
638,Henrieta,Hollingshead,hhollingsheadhp@addtoany.com,3584461375581560,true,2021-02-01,136532.23
639,Bride,Jamblin,bjamblinhq@flickr.com,5007662051010303,false,2020-08-18,71915.92
640,Yoshiko,Kubicek,ykubicekhr@bing.com,493677564955479559,true,2021-03-12,43461.27
641,Gregoor,Brearty,gbreartyhs@so-net.ne.jp,3587166288135738,false,2021-01-13,118985.43
642,Nara,Basili,nbasiliht@fotki.com,5002350832785865,false,2020-07-01,157876.93
643,Oriana,Turney,oturneyhu@shop-pro.jp,3569183342303303,false,2021-01-10,95482.7
644,Priscella,Golden,pgoldenhv@dion.ne.jp,5893274786062422,true,2021-01-24,118610.55
645,Claudette,Imesson,cimessonhw@pcworld.com,3580818191389011,false,2021-04-06,116450.17
646,Flory,Machans,fmachanshx@delicious.com,4405835413833122,false,2020-10-24,187163.0
647,Pammy,Gwynne,pgwynnehy@patch.com,3576963741702010,true,2020-11-12,121151.52
648,Kacy,Fillgate,kfillgatehz@elpais.com,201915334901440,true,2020-12-10,115096.4
649,Myriam,Birt,mbirti0@domainmarket.com,5610845984900752,false,2020-12-10,148495.98
650,Sholom,Blumfield,sblumfieldi1@shop-pro.jp,3588691000359448,true,2021-04-02,43238.01
651,Heda,McBrearty,hmcbreartyi2@princeton.edu,3566742496159986,true,2020-11-09,186366.52
652,Lewes,Parrott,lparrotti3@ucla.edu,676782658659123257,true,2021-01-06,112511.85
653,Gustav,Koche,gkochei4@tinypic.com,5018229303662084045,false,2020-12-05,176285.32
654,Konstance,Emmens,kemmensi5@kickstarter.com,50200501783512270,true,2021-03-10,139131.8
655,Adriane,Zanolli,azanollii6@techcrunch.com,5893998264222955,true,2021-03-25,96036.03
656,Dayle,Lillecrap,dlillecrapi7@histats.com,30048591147619,false,2021-04-28,65476.44
657,Briney,Pennuzzi,bpennuzzii8@loc.gov,56022335598216832,true,2021-05-22,132004.82
658,Darius,Bumpus,dbumpusi9@mlb.com,3577597622649699,true,2020-12-22,87342.89
659,Man,Napthine,mnapthineia@sina.com.cn,491175044002041935,true,2021-02-18,75685.85
660,Brigitta,Stave,bstaveib@reddit.com,374622958767682,false,2021-03-26,99230.17
661,Osbert,Noor,onooric@stanford.edu,3588598114888412,true,2021-05-17,117703.48
662,Fields,Cornford,fcornfordid@blogger.com,201566696924650,false,2020-10-01,179015.51
663,Charlena,Stogill,cstogillie@whitehouse.gov,4041372306951,false,2020-08-02,156461.85
664,Lynne,Daw,ldawif@amazonaws.com,4844429500236347,true,2021-05-22,45673.09
665,Renelle,Rosettini,rrosettiniig@hatena.ne.jp,5583688549192983,true,2020-09-02,131762.83
666,Gaby,Bernuzzi,gbernuzziih@google.com,4041376983052,false,2020-12-11,181715.57
667,Xenia,Standage,xstandageii@nasa.gov,3545870609916848,true,2020-12-30,61266.72
668,Rosabel,Bartolommeo,rbartolommeoij@latimes.com,30336938484278,false,2020-12-06,155942.71
669,Adan,Kos,akosik@dailymotion.com,3578355114159902,false,2021-04-12,67327.73
670,Neill,Galliard,ngalliardil@cbc.ca,5602236991446557633,false,2021-05-13,119784.03
671,Maren,Chessil,mchessilim@google.it,633475966385171232,false,2021-05-21,110864.34
672,Ricky,Illwell,rillwellin@ehow.com,6333440592598773060,false,2020-09-03,67987.79
673,Ike,Cram,icramio@sohu.com,3555487281851735,true,2021-05-01,162927.95
674,Wilone,Gumly,wgumlyip@youtu.be,4508584684584529,true,2020-10-10,97344.46
675,Tailor,Wotton,twottoniq@w3.org,3556920230882137,false,2020-06-24,108586.68
676,Iolande,Matveyev,imatveyevir@creativecommons.org,30241329679850,true,2020-08-21,159972.93
677,Kinsley,Selway,kselwayis@newsvine.com,3575264995152825,false,2020-07-31,196303.32
678,Shani,Cranton,scrantonit@msu.edu,3581717111363370,true,2021-05-21,78700.91
679,Ashia,McCrackem,amccrackemiu@ucla.edu,3530385258022811,false,2020-12-03,89137.57
680,Alexandr,Maryska,amaryskaiv@ed.gov,3541772769420559,false,2020-12-01,95776.38
681,Norman,Bozier,nbozieriw@kickstarter.com,67631685458185489,false,2020-12-27,141606.65
682,Enrika,Pratte,epratteix@goodreads.com,3556299872730262,false,2021-01-09,138803.4
683,Ingelbert,Rolley,irolleyiy@alibaba.com,490385995844069319,false,2021-04-08,171807.19
684,Maris,Gandrich,mgandrichiz@google.com.hk,3560029293465246,false,2021-02-11,101934.78
685,Jonathon,Celloni,jcellonij0@jiathis.com,3581934328504817,true,2020-07-06,143540.35
686,Purcell,Terram,pterramj1@usnews.com,3560688483524037,true,2021-05-09,189056.12
687,Liana,Gehring,lgehringj2@feedburner.com,3572909379444452,true,2020-10-30,55356.99
688,Mathew,Jeeks,mjeeksj3@toplist.cz,4041595085557702,true,2020-07-27,153434.0
689,Celie,MacCallion,cmaccallionj4@statcounter.com,5573093967479651,true,2020-10-08,149062.89
690,Rolfe,Mcmanaman,rmcmanamanj5@ovh.net,3580832733384133,false,2021-03-11,144683.11
691,Zechariah,Wyles,zwylesj6@ameblo.jp,5602233395738253,true,2021-04-30,87594.34
692,Derby,Derwin,dderwinj7@github.io,201964152836908,false,2021-04-28,183327.51
693,Kienan,Gallico,kgallicoj8@ebay.co.uk,4508676723586463,true,2021-03-01,100766.55
694,Tanitansy,Chaulk,tchaulkj9@hhs.gov,3587383315865415,false,2020-09-17,141484.4
695,Ermengarde,Brogan,ebroganja@fda.gov,58932721904278274,false,2020-09-26,198853.86
696,Josepha,Adlard,jadlardjb@wikia.com,3574472871282522,true,2020-09-15,59666.17
697,Bendicty,Bourdice,bbourdicejc@china.com.cn,5144768575491517,false,2020-08-10,88928.59
698,Renado,Langton,rlangtonjd@sun.com,3555671945372002,true,2020-11-16,184310.73
699,Christoph,Uttridge,cuttridgeje@nytimes.com,3571526047853160,false,2021-01-09,185381.0
700,De witt,Jane,djanejf@prnewswire.com,201533339753185,true,2021-05-08,100888.02
701,Marylin,Skypp,mskyppjg@who.int,4405076426703875,true,2020-06-07,114099.34
702,Kerrin,Wrennall,kwrennalljh@godaddy.com,3559162979269484,false,2021-02-16,159696.6
703,Lela,Cansdell,lcansdellji@webs.com,30534261168555,true,2020-08-28,102204.59
704,Richardo,Hardwidge,rhardwidgejj@thetimes.co.uk,4026031870026587,true,2021-03-09,158295.1
705,Veda,Saice,vsaicejk@umich.edu,3583089352179941,true,2020-07-03,99827.92
706,Thorin,Teodorski,tteodorskijl@reverbnation.com,5602211790096535,false,2020-10-14,112695.96
707,Burty,Castelyn,bcastelynjm@fastcompany.com,3529981236302904,false,2020-11-17,159605.4
708,Winthrop,Berick,wberickjn@yellowpages.com,5602254315026389,false,2021-03-02,71273.08
709,Joice,Josefsen,jjosefsenjo@mlb.com,4936188661830405118,false,2021-04-27,164779.13
710,Sibel,Restill,srestilljp@moonfruit.com,3549166647446922,false,2021-05-06,180126.48
711,Hamlin,Fleischmann,hfleischmannjq@opensource.org,5100130632972116,false,2021-04-28,50070.79
712,Quint,Petchell,qpetchelljr@ocn.ne.jp,5521458094078580,true,2020-07-15,124892.82
713,Keslie,McIlhatton,kmcilhattonjs@jimdo.com,5602256835244921,false,2020-08-07,156774.4
714,Salim,Chessun,schessunjt@oaic.gov.au,3536123923444373,true,2021-04-21,84054.43
715,Salaidh,Asplin,sasplinju@senate.gov,5018083719389665,true,2021-04-25,169844.45
716,Sheridan,Gotts,sgottsjv@npr.org,3564362771720808,true,2021-05-03,185190.01
717,Kipper,Vasilic,kvasilicjw@theguardian.com,633110036423649846,true,2021-01-07,40451.48
718,Raye,Thorbon,rthorbonjx@phoca.cz,3543813756415562,false,2021-04-30,87869.26
719,Aridatha,Lippingwell,alippingwelljy@springer.com,3572903956151986,true,2021-02-16,199737.43
720,Hesther,Stockings,hstockingsjz@va.gov,3574249102628610,false,2020-09-21,86331.71
721,Barbabas,Castanares,bcastanaresk0@networkadvertising.org,3549144957533803,true,2020-10-30,174749.83
722,Trudy,Giacopini,tgiacopinik1@jalbum.net,3545401352518662,true,2021-01-17,94691.19
723,Aida,Biset,abisetk2@un.org,50180879715982827,true,2021-05-08,196102.05
724,Torey,Retchford,tretchfordk3@businesswire.com,30402106780051,false,2020-07-02,57991.25
725,Jacynth,Brinkworth,jbrinkworthk4@economist.com,6706859843425484392,true,2020-12-08,168754.79
726,Algernon,Belchamber,abelchamberk5@seesaa.net,3562032694797611,true,2020-11-21,74441.04
727,Ursula,Wabersich,uwabersichk6@baidu.com,3579495370471515,true,2020-07-29,157062.46
728,Karrah,Adnams,kadnamsk7@e-recht24.de,3573392022725115,false,2020-12-15,120179.32
729,Lucho,Hubbis,lhubbisk8@163.com,374622520148585,true,2020-10-08,42833.54
730,Agneta,Gilphillan,agilphillank9@fda.gov,347409841818003,false,2020-12-03,76566.19
731,Dani,Iveans,diveanska@zimbio.com,3559051316101007,false,2020-08-06,52690.04
732,Ericha,Ciccottini,eciccottinikb@hud.gov,4917516256023853,false,2021-04-08,102696.73
733,Sue,Arden,sardenkc@jiathis.com,3589217673262765,true,2020-08-27,144183.42
734,Daveen,Gunningham,dgunninghamkd@mayoclinic.com,4041374288926,true,2020-12-03,64556.63
735,Gil,Sibbson,gsibbsonke@dot.gov,3536436768716758,false,2020-06-14,101843.79
736,Scott,Fillon,sfillonkf@harvard.edu,374288134226272,false,2020-10-20,156956.77
737,Xena,Abrahamian,xabrahamiankg@webmd.com,6771501978275924,true,2021-05-07,185632.98
738,Pebrook,Dumphry,pdumphrykh@purevolume.com,5100178813681832,true,2020-09-01,136379.27
739,Schuyler,Iacivelli,siacivelliki@ed.gov,30457671152110,true,2020-10-22,135977.49
740,Evangelia,Tissington,etissingtonkj@wordpress.org,3554174754551544,false,2021-02-15,101906.37
741,Derk,Greaser,dgreaserkk@psu.edu,3575473036025631,true,2020-07-24,152828.41
742,Alena,Poat,apoatkl@sciencedaily.com,3533544844006749,true,2021-02-15,73265.53
743,Georas,Djokic,gdjokickm@hud.gov,3547949465066910,true,2020-09-29,155699.36
744,Gayle,Tromans,gtromanskn@boston.com,5610675293066597382,true,2020-08-28,134326.3
745,Chere,Ianitti,cianittiko@yolasite.com,670649771792874581,false,2021-03-19,153548.0
746,Jodie,Yter,jyterkp@nbcnews.com,3552400167565439,false,2021-02-21,166968.52
747,Spenser,Scyner,sscynerkq@weebly.com,6334127692259430,true,2021-02-03,74667.45
748,Mikaela,Robey,mrobeykr@weibo.com,201566415845251,false,2020-07-26,62925.56
749,Erminie,Thompsett,ethompsettks@tumblr.com,4844801132770994,false,2020-11-28,117524.79
750,Matilda,Dundin,mdundinkt@ibm.com,5602252996221246,false,2021-01-28,196851.87
751,Netta,Ledgley,nledgleyku@msn.com,3580130454339521,true,2020-12-13,102375.44
752,Alphard,Morritt,amorrittkv@hhs.gov,3543037781117650,false,2021-02-16,141331.91
753,Shawna,Boyett,sboyettkw@soup.io,3581232373594001,false,2020-12-26,153423.92
754,Lorilee,Ivashnyov,livashnyovkx@delicious.com,6376331998047213,false,2021-04-10,55454.4
755,Cindie,McKinnell,cmckinnellky@mtv.com,4405132180861365,true,2021-05-22,80531.24
756,Christy,Monget,cmongetkz@issuu.com,3579784539468763,true,2020-11-05,163620.72
757,Aimee,Rowson,arowsonl0@google.es,3554635590591100,false,2021-03-15,88415.52
758,Vina,Cavil,vcavill1@jugem.jp,4491371924587,true,2020-10-20,46774.18
759,Arline,Filde,afildel2@berkeley.edu,3540107717672582,false,2021-03-21,188020.19
760,Audrie,Pavlishchev,apavlishchevl3@dyndns.org,3570600870834174,true,2021-03-22,117299.64
761,Dar,Bransby,dbransbyl4@artisteer.com,5507509695966967,true,2020-11-08,142407.63
762,Perla,Chalk,pchalkl5@un.org,201728682559748,false,2021-02-01,110363.05
763,Melessa,Shovel,mshovell6@thetimes.co.uk,63041229277266478,true,2021-01-18,145914.2
764,Skip,Gilvear,sgilvearl7@plala.or.jp,5602251830656559,false,2020-11-02,173767.09
765,Patsy,Grey,pgreyl8@elpais.com,3587683173498344,true,2021-01-05,168645.09
766,Douglas,Lockitt,dlockittl9@reverbnation.com,4175008424352700,false,2021-03-07,85126.06
767,Eduard,Dalziell,edalziellla@cnbc.com,3540236039912846,true,2021-01-30,145258.24
768,Gonzales,Cerman,gcermanlb@php.net,5641826185021120,true,2020-08-21,59511.71
769,Ediva,Pabst,epabstlc@businessweek.com,201994662717843,true,2021-03-02,72369.16
770,Ninette,Bretherton,nbrethertonld@webnode.com,201561319648679,false,2021-01-03,137700.31
771,Verla,Frie,vfriele@arizona.edu,4905945509508754,false,2021-01-21,90197.74
772,Dagny,Kyte,dkytelf@accuweather.com,56100405023308077,false,2021-04-07,168723.03
773,Kylynn,Chiplen,kchiplenlg@mashable.com,3566031712473102,false,2020-10-27,102147.56
774,Katinka,Mangeot,kmangeotlh@mayoclinic.com,3535211056246581,false,2020-09-07,121674.45
775,Emmalynn,Tortis,etortisli@shop-pro.jp,30377676544790,true,2020-10-22,70935.68
776,Sigfrid,Nowakowska,snowakowskalj@ihg.com,3581350863053732,false,2021-02-07,140648.78
777,Ezequiel,Elphey,eelpheylk@samsung.com,5002359851585239,false,2020-05-31,190521.08
778,Burl,Renbold,brenboldll@patch.com,501897049728619305,false,2020-07-26,160528.67
779,Lesli,Gauthorpp,lgauthorpplm@nifty.com,30529072360763,false,2021-04-29,76005.57
780,Dulcea,Hernik,dhernikln@g.co,3583920812781274,true,2021-01-05,192464.39
781,Tucker,Deek,tdeeklo@ted.com,30095589352958,true,2021-02-27,79137.68
782,Thorny,Reisenberg,treisenberglp@1und1.de,3583928032180151,true,2020-12-29,57514.54
783,Talya,Sheeran,tsheeranlq@weibo.com,5433524356269824,true,2020-11-08,128730.14
784,Sukey,todor,stodorlr@ask.com,3528921786479679,true,2020-10-10,57117.79
785,Latia,Waldrum,lwaldrumls@sbwire.com,3558430451078009,false,2020-06-17,102349.1
786,Ileane,Whitters,iwhitterslt@oracle.com,6767433020574768449,false,2020-11-09,55440.59
787,Talbert,Eich,teichlu@shop-pro.jp,4041377584859,false,2021-03-29,102287.01
788,Urbain,Trasler,utraslerlv@altervista.org,490333186740869969,true,2020-07-28,130334.66
789,Leese,Sabban,lsabbanlw@tinyurl.com,633110833313642489,false,2021-03-02,114913.12
790,Daniella,de Leon,ddeleonlx@google.com.hk,3539594373073184,false,2021-04-30,92556.68
791,Gabbey,Wemes,gwemesly@people.com.cn,677177411588456120,false,2020-12-23,71954.95
792,Roseanne,Rushforth,rrushforthlz@state.tx.us,3564943525564764,true,2021-05-02,171252.0
793,Alikee,Tolchar,atolcharm0@deliciousdays.com,6762014332757000617,true,2020-12-15,136104.57
794,Ches,Currier,ccurrierm1@shinystat.com,201513648418258,false,2020-08-25,142476.37
795,Olwen,Jarvie,ojarviem2@dmoz.org,670644285984744838,false,2020-06-24,100778.89
796,Arne,Croy,acroym3@whitehouse.gov,5100140447080963,false,2021-05-05,42152.75
797,Wallas,Aslin,waslinm4@theguardian.com,201994718459341,true,2021-03-04,55371.5
798,Halie,Stother,hstotherm5@time.com,5018051025930886751,true,2020-08-21,68946.67
799,Melosa,Morde,mmordem6@slashdot.org,3566470231579512,false,2020-10-17,132951.92
800,Arlette,Gatenby,agatenbym7@paypal.com,3566444190710269,true,2020-12-27,132622.23
801,Mureil,Gennrich,mgennrichm8@time.com,5100143473679567,true,2021-04-04,95345.51
802,Andeee,Custed,acustedm9@about.me,36570974504144,false,2021-04-02,196472.31
803,Devondra,Northleigh,dnorthleighma@indiegogo.com,3542880211869833,true,2020-10-16,143068.36
804,Merilee,Lempel,mlempelmb@google.fr,3589998045796727,false,2021-02-26,125269.69
805,Josie,Hutson,jhutsonmc@ucla.edu,4917701717802679,true,2020-11-26,187693.21
806,Wendeline,Crucitti,wcrucittimd@cbslocal.com,5507352416673889,true,2021-01-07,179030.4
807,Gabbie,Guerreiro,gguerreirome@parallels.com,4405603309542300,false,2020-06-14,76205.79
808,Wildon,Ferryman,wferrymanmf@nydailynews.com,633384233759215412,false,2020-12-21,123483.69
809,Sabrina,Lutman,slutmanmg@intel.com,6759140188471714146,false,2020-11-14,60235.96
810,Filide,Winfred,fwinfredmh@state.tx.us,4405776695897882,false,2021-01-10,100421.49
811,Juieta,Helks,jhelksmi@virginia.edu,5602255255652704,true,2020-07-30,107362.98
812,Irving,Coie,icoiemj@cbslocal.com,36219080223898,false,2020-11-14,73123.25
813,Ram,Gristwood,rgristwoodmk@twitter.com,5426312232071898,true,2020-06-11,71820.0
814,Ema,Paterson,epatersonml@51.la,30509817198256,true,2021-04-08,168984.29
815,Gretchen,Davitashvili,gdavitashvilimm@flickr.com,5020303523799771306,false,2020-05-27,99626.9
816,Karoly,Jaulme,kjaulmemn@constantcontact.com,6379385724608224,true,2020-07-04,85402.72
817,Lincoln,Ollier,lolliermo@mit.edu,3530954987240711,false,2020-06-10,65544.69
818,Andonis,Jenson,ajensonmp@myspace.com,5893379479454859,true,2020-09-14,189106.9
819,Hall,Batistelli,hbatistellimq@hubpages.com,3569672935645047,false,2021-01-25,97679.33
820,Paige,Taggart,ptaggartmr@cmu.edu,3584963002503115,true,2021-04-05,74133.37
821,Randall,Fallen,rfallenms@mail.ru,3556637455858275,false,2021-01-09,131477.18
822,Selena,Baptist,sbaptistmt@over-blog.com,3548100021848636,false,2020-08-01,86163.25
823,Ax,Harrad,aharradmu@delicious.com,4903898431623926022,true,2020-12-22,63468.12
824,Dosi,McKew,dmckewmv@irs.gov,201909928057693,true,2021-04-03,126025.71
825,Annabelle,Clout,acloutmw@cbc.ca,5262801311124203,true,2021-02-05,99548.34
826,Hermina,Struijs,hstruijsmx@un.org,5108755981975922,false,2020-11-25,72161.68
827,Hannis,Whight,hwhightmy@usa.gov,30368318279143,true,2021-02-12,187756.88
828,Kellen,Creelman,kcreelmanmz@patch.com,6304019854688781813,false,2020-06-03,152602.92
829,Dorolice,Trowler,dtrowlern0@aboutads.info,3588901600350121,true,2020-09-15,178441.37
830,Catharine,Burgum,cburgumn1@sfgate.com,6397443731817524,false,2020-12-03,113301.85
831,Dolley,Snewin,dsnewinn2@cbslocal.com,5602214883685922071,false,2020-10-14,55282.97
832,Karyn,Tague,ktaguen3@seattletimes.com,503817116474442126,true,2020-10-10,198467.89
833,Gweneth,Deguara,gdeguaran4@miibeian.gov.cn,3589223954326329,false,2020-08-09,108529.04
834,Creighton,Trustey,ctrusteyn5@goo.gl,30368003180085,true,2021-05-11,137594.13
835,Rochell,Sille,rsillen6@vimeo.com,201517150239945,true,2020-08-03,120085.46
836,Nicolas,Torn,ntornn7@salon.com,3578352335491529,false,2020-08-18,80731.0
837,Robbert,Leather,rleathern8@360.cn,4508609265436953,true,2020-08-27,116466.39
838,Trumaine,Cornil,tcorniln9@wp.com,5100137132859990,true,2021-04-19,105415.72
839,Elmer,Guillart,eguillartna@marketwatch.com,3537612011444401,true,2021-02-08,138960.9
840,Darryl,Pirdue,dpirduenb@clickbank.net,63049271515615282,true,2020-07-31,83106.08
841,Evyn,Biggins,ebigginsnc@census.gov,3533351773756264,true,2021-02-01,128909.78
842,Lauren,Merlin,lmerlinnd@csmonitor.com,5010126277590469,false,2020-10-01,41524.07
843,Maurise,Knight,mknightne@stanford.edu,630497106735556531,false,2021-05-19,45643.45
844,Dominga,Baggallay,dbaggallaynf@plala.or.jp,5602214152838593,false,2020-10-26,110870.95
845,Bard,Prior,bpriorng@jigsy.com,3536400333718848,false,2021-03-26,166087.57
846,Sabina,Labbett,slabbettnh@webs.com,3570683331768199,false,2020-10-30,189984.22
847,Cindi,Margaritelli,cmargaritellini@facebook.com,3536579128461241,false,2020-09-21,49744.59
848,Jedd,Ludlam,jludlamnj@dot.gov,3536539897957514,true,2020-06-29,129738.05
849,Vaughn,Bradley,vbradleynk@sfgate.com,3589044004090826,false,2020-12-19,162359.06
850,Urban,Slowey,usloweynl@aol.com,3577612205219230,false,2021-01-23,165913.88
851,Swen,Purshouse,spurshousenm@loc.gov,6767237434956700,false,2021-02-27,121247.46
852,Ancell,Rentelll,arentelllnn@mac.com,5428133571931502,true,2021-03-24,87310.58
853,Ulric,Skirvin,uskirvinno@ox.ac.uk,3532231586493217,false,2020-06-10,123288.42
854,Vitia,Dracksford,vdracksfordnp@themeforest.net,3538410009942794,true,2020-12-19,91705.97
855,Cahra,Skypp,cskyppnq@pagesperso-orange.fr,3537255425064041,false,2020-09-22,155926.78
856,Loren,Holtom,lholtomnr@slashdot.org,5602244117579925,true,2020-11-20,61079.18
857,Brier,Pratley,bpratleyns@msn.com,345571934546221,false,2020-12-06,189456.56
858,Pier,Habbijam,phabbijamnt@stumbleupon.com,4936849430357807,false,2020-08-29,179430.98
859,Collete,Peterffy,cpeterffynu@tinyurl.com,3579036052420402,true,2021-04-11,123381.19
860,Marie-jeanne,Mion,mmionnv@apache.org,3542898723599425,false,2020-08-24,116265.92
861,Miltie,Fearnyough,mfearnyoughnw@imageshack.us,3588530073030124,false,2020-08-07,180392.87
862,Raffaello,Holsall,rholsallnx@netscape.com,5641827028671485,false,2020-12-30,163898.5
863,Pru,Kubat,pkubatny@sciencedirect.com,5018254962039159711,false,2021-02-13,162757.6
864,Mose,Whibley,mwhibleynz@gov.uk,5602211054277987,false,2020-07-30,133287.29
865,Aindrea,Smithson,asmithsono0@earthlink.net,3564286244576341,false,2020-11-09,127789.12
866,Kristin,Catherick,kcathericko1@gmpg.org,676290155160549182,true,2020-05-23,121554.84
867,Law,Weare,lweareo2@examiner.com,5256952238263240,true,2021-01-29,53278.34
868,Chelsea,Levane,clevaneo3@cmu.edu,30562575130631,true,2020-09-28,189963.54
869,Celie,Taylder,ctayldero4@usgs.gov,3529638557100289,true,2020-09-01,134996.41
870,Ophelie,Joffe,ojoffeo5@europa.eu,3561753200410230,true,2020-05-23,175524.9
871,Urson,Olivari,uolivario6@uiuc.edu,3578945600908539,false,2020-10-27,117511.83
872,Mendie,Lehemann,mlehemanno7@acquirethisname.com,3559151639063379,true,2020-08-14,75726.76
873,Evan,Blaxton,eblaxtono8@nih.gov,5602232469634844,false,2021-01-14,109900.61
874,Nikos,Uwins,nuwinso9@hibu.com,6331108626865008,true,2020-12-20,130122.72
875,Sheila,Blare,sblareoa@networksolutions.com,3577572400783440,false,2021-03-20,163929.4
876,Loy,McCleverty,lmcclevertyob@cloudflare.com,3566270336700157,false,2020-08-27,83550.85
877,Andrej,Baron,abaronoc@state.tx.us,3555857725531673,true,2020-08-03,168614.02
878,Alaine,O'Lagene,aolageneod@cyberchimps.com,3581418696498729,false,2021-05-03,64826.94
879,Vanny,Wickins,vwickinsoe@flickr.com,67591568286486089,false,2021-04-11,189741.63
880,Ali,Fane,afaneof@digg.com,3532713839491379,false,2020-10-22,97802.41
881,Scott,Keets,skeetsog@narod.ru,5554285950114088,false,2020-10-23,156563.76
882,Boone,Copperwaite,bcopperwaiteoh@biglobe.ne.jp,3551698680043963,true,2021-02-14,105663.85
883,Elisa,Millen,emillenoi@bloglovin.com,3562299346808274,true,2020-07-15,95222.14
884,Durward,Smythin,dsmythinoj@merriam-webster.com,3570259776456648,false,2020-12-06,195519.66
885,Norry,Ugoletti,nugolettiok@blog.com,201531397344376,false,2020-10-18,90587.22
886,Emlynne,Peet,epeetol@businessweek.com,3561589842588904,true,2020-06-06,166918.33
887,Rhodie,Harsent,rharsentom@foxnews.com,3528498629061659,false,2021-05-18,166514.81
888,Godfrey,Delahunt,gdelahunton@irs.gov,3577227833035021,false,2020-12-11,71568.36
889,Elle,Ather,eatheroo@yellowbook.com,4903831826856825454,true,2020-11-16,118017.24
890,Sinclair,Tadlow,stadlowop@europa.eu,3536342718974085,false,2020-07-19,87588.85
891,Hali,Rothert,hrothertoq@feedburner.com,3584034457602487,false,2020-07-04,106764.05
892,Brockie,Marlow,bmarlowor@ucoz.com,3565792016180732,false,2021-01-09,109096.4
893,Jecho,Shrimpling,jshrimplingos@biblegateway.com,201620668404660,true,2021-01-29,95732.13
894,Larina,Fihelly,lfihellyot@shinystat.com,4917910556658346,true,2021-01-01,159386.71
895,Livy,Fraanchyonok,lfraanchyonokou@google.cn,4917648233604669,false,2020-07-11,152630.19
896,Nola,Bushell,nbushellov@163.com,3578509470727773,false,2020-10-29,86805.7
897,Myrtie,Gutowski,mgutowskiow@ehow.com,3587067671165359,true,2020-09-18,163410.85
898,Jameson,Southern,jsouthernox@salon.com,30519610370986,true,2020-10-31,105204.85
899,Jacenta,Gibbard,jgibbardoy@seesaa.net,3564375239076746,true,2020-11-16,83388.51
900,Mabelle,Rostron,mrostronoz@imageshack.us,201691039028595,false,2020-12-20,141929.31
901,Lyssa,Dailly,ldaillyp0@liveinternet.ru,6394784005798442,true,2021-05-14,117174.01
902,Shea,Matiashvili,smatiashvilip1@house.gov,372301629506207,true,2020-12-31,132495.99
903,Skip,Cutchie,scutchiep2@umn.edu,3535969959179312,true,2020-08-11,180607.89
904,Fara,Wagge,fwaggep3@hp.com,5602226640175412,true,2020-08-13,91060.62
905,Witty,Whittlesee,wwhittleseep4@360.cn,561001647699687958,true,2020-07-29,162796.18
906,Cariotta,Dmitr,cdmitrp5@fc2.com,3583792865170527,true,2021-01-17,106313.93
907,Lulu,Grigorey,lgrigoreyp6@go.com,3553701986653911,false,2021-02-20,138115.4
908,Wilfred,Shillabeare,wshillabearep7@google.de,3543588144375831,false,2020-08-04,176791.26
909,Ethel,O'Giany,eogianyp8@blogtalkradio.com,50205353613112524,true,2021-03-16,167418.93
910,Sawyere,Zold,szoldp9@alexa.com,3581191035370871,false,2020-12-04,161878.39
911,Margareta,Darker,mdarkerpa@yellowbook.com,3589808506837631,true,2020-07-09,47713.54
912,Dora,Wolpert,dwolpertpb@bloglines.com,3576238325530396,false,2020-12-01,192647.02
913,Haleigh,Leisk,hleiskpc@unicef.org,3533475513456149,false,2021-04-28,118115.12
914,Gracia,Baswall,gbaswallpd@tuttocitta.it,3529704548402612,false,2021-02-15,166123.05
915,Sauveur,Tullis,stullispe@nsw.gov.au,5602231391285261,false,2021-05-01,92935.28
916,Letitia,Applegate,lapplegatepf@about.com,6304585174877095097,false,2021-01-06,184843.5
917,Helli,Cuzen,hcuzenpg@va.gov,5602222730941557,true,2020-08-17,66875.95
918,Marcelle,Ikins,mikinsph@ovh.net,6763937798209554,false,2020-12-20,96511.62
919,Catlee,Shirrell,cshirrellpi@rakuten.co.jp,5537820415441411,false,2021-03-16,168170.51
920,Lexy,Nother,lnotherpj@twitter.com,4911951054305580,true,2021-01-26,119329.63
921,Donalt,Duding,ddudingpk@ibm.com,3566598431795460,true,2020-09-15,75265.01
922,Mata,Claige,mclaigepl@bizjournals.com,5486128813496586,false,2021-02-11,107992.79
923,Jdavie,Rodda,jroddapm@wufoo.com,4905617021818317072,false,2021-03-18,162498.63
924,Sella,Joddens,sjoddenspn@tripadvisor.com,3580722577990378,false,2021-05-10,98963.74
925,Denni,Hillhouse,dhillhousepo@storify.com,3546219478029771,false,2020-08-31,189363.04
926,Hermon,Pestridge,hpestridgepp@nydailynews.com,6706365611005990691,true,2020-11-29,53410.35
927,Pam,Visco,pviscopq@sina.com.cn,201750094463038,true,2020-11-16,119979.82
928,Winnie,Chapier,wchapierpr@usatoday.com,3584395180820021,false,2020-10-27,46542.57
929,Ellswerth,Gallifont,egallifontps@purevolume.com,3585982785302254,false,2020-09-10,120451.55
930,Edee,Pistol,epistolpt@earthlink.net,3531413217702411,false,2021-05-18,43471.48
931,Jo-ann,Janek,jjanekpu@chron.com,5002352580912246,true,2020-09-22,115914.58
932,Barry,Rossant,brossantpv@fastcompany.com,3566334745760614,true,2020-10-18,151685.77
933,Emmet,Semechik,esemechikpw@redcross.org,3569244920294403,true,2021-02-17,188120.9
934,Yuma,Brisker,ybriskerpx@msn.com,3572672674299498,false,2021-01-24,100041.47
935,Cly,Tod,ctodpy@discovery.com,633439499061956689,true,2020-09-13,138654.58
936,Jennee,Rubroe,jrubroepz@theatlantic.com,337941725329188,false,2020-09-05,185663.87
937,Arabela,Claus,aclausq0@flavors.me,5610884370527331515,false,2021-05-06,65161.68
938,Svend,Haseman,shasemanq1@feedburner.com,4917576794055940,false,2020-11-27,198709.18
939,Carlo,Geer,cgeerq2@facebook.com,3542444902235885,true,2020-07-21,117011.24
940,Bidget,Chatel,bchatelq3@jalbum.net,3550496852608510,true,2021-01-26,95600.1
941,Debra,Bunstone,dbunstoneq4@facebook.com,3543278187205281,true,2021-03-27,53413.23
942,Jamie,Bass,jbassq5@time.com,493663189118708953,false,2021-01-05,91424.33
943,Gasparo,Bamell,gbamellq6@deliciousdays.com,5100174730292050,true,2021-05-05,83208.93
944,Neddie,MacKeague,nmackeagueq7@bloomberg.com,56022204859277109,false,2021-03-23,148406.59
945,Kerk,Gulk,kgulkq8@go.com,3575990618202171,false,2021-01-19,199332.67
946,Ernaline,Chatelet,echateletq9@ow.ly,3532445307166981,true,2020-05-26,42855.8
947,Dianna,Teenan,dteenanqa@google.es,3585376900010977,true,2020-08-21,105453.29
948,Halimeda,Wolland,hwollandqb@cyberchimps.com,5163406337948807,true,2020-10-23,88226.68
949,Tracy,Mansell,tmansellqc@flavors.me,67596521268764408,false,2020-11-24,196701.32
950,Ganny,Small,gsmallqd@163.com,50387021685136792,false,2020-09-19,172045.13
951,Jennilee,Fronsek,jfronsekqe@storify.com,5610018652949432,false,2021-05-20,111161.32
952,Carolynn,Dudenie,cdudenieqf@narod.ru,6767539009893709,true,2020-10-23,152555.47
953,Tina,De Cristoforo,tdecristoforoqg@wikimedia.org,4175002067640141,false,2021-01-10,47481.08
954,Frank,Smittoune,fsmittouneqh@google.pl,4041598695831,true,2020-07-18,199152.21
955,Flo,Tregonna,ftregonnaqi@merriam-webster.com,3558163503761658,false,2020-12-26,123009.55
956,Aubert,Cropp,acroppqj@wikispaces.com,4844671724495627,false,2020-09-07,162833.42
957,Colly,Stoltz,cstoltzqk@homestead.com,5153746679514150,false,2020-12-11,62413.49
958,Loretta,Philo,lphiloql@csmonitor.com,3564628651006397,false,2021-02-18,87856.47
959,Addy,Iannuzzi,aiannuzziqm@zdnet.com,3540363458842476,true,2020-12-26,165279.63
960,Renae,Pudner,rpudnerqn@reference.com,3530528492344562,true,2021-02-11,82089.83
961,Josee,Kondratenko,jkondratenkoqo@hud.gov,4017959985269216,true,2020-09-29,97744.28
962,Hamid,Tunbridge,htunbridgeqp@networkadvertising.org,6706552149211285054,true,2020-10-20,43538.08
963,Sammie,Buscombe,sbuscombeqq@nifty.com,63046218116446651,true,2020-08-06,73393.76
964,Lexine,Brickstock,lbrickstockqr@fotki.com,676745188881905129,true,2021-05-21,193086.0
965,Jean,McVeigh,jmcveighqs@microsoft.com,560224190557883388,false,2021-05-16,48419.98
966,Arne,Sorensen,asorensenqt@dmoz.org,5552727560300161,true,2020-06-22,135222.96
967,Toddie,Pach,tpachqu@businessweek.com,675936131328473294,false,2020-08-29,155409.9
968,Ruby,Scamadin,rscamadinqv@bravesites.com,3541116125358147,false,2020-12-31,191370.77
969,Beverley,Hilldrup,bhilldrupqw@psu.edu,5100146658309165,false,2021-01-25,89168.51
970,Iorgos,Steagall,isteagallqx@shinystat.com,5602250258948944,false,2021-02-12,60050.64
971,Rodrick,Larman,rlarmanqy@squarespace.com,560223786098247651,true,2020-09-28,122942.82
972,Miguel,Le - Count,mlecountqz@wikipedia.org,4175000507880194,false,2021-01-15,130300.44
973,Marjy,Jaine,mjainer0@simplemachines.org,3579984754480374,true,2021-05-21,182013.21
974,Juli,Ryles,jrylesr1@irs.gov,5002350751150687,true,2021-04-11,180150.37
975,Raynor,Aldrick,raldrickr2@auda.org.au,3583010639077690,true,2021-01-29,70660.38
976,Val,Darrigrand,vdarrigrandr3@nationalgeographic.com,67093918209565548,false,2020-07-18,88202.29
977,Helene,Ballefant,hballefantr4@dmoz.org,6334607030002266337,true,2020-06-05,137461.32
978,Chiarra,Gelling,cgellingr5@miibeian.gov.cn,4405814016114735,true,2020-10-12,149087.0
979,Jules,Signorelli,jsignorellir6@hc360.com,3563874733571724,false,2020-05-31,128219.82
980,Gonzales,Castagneri,gcastagnerir7@toplist.cz,5541825803068423,true,2021-04-25,66316.14
981,Norman,Jaynes,njaynesr8@reference.com,5038183436134166,true,2020-10-16,193433.43
982,Trey,Whitten,twhittenr9@squidoo.com,4017951723931,false,2020-06-17,46785.91
983,Rachelle,Kryska,rkryskara@ed.gov,3542260775538266,true,2020-06-23,162239.63
984,Layton,Riditch,lriditchrb@nifty.com,342810196634017,true,2021-02-20,68079.62
985,Fiorenze,Fellman,ffellmanrc@opera.com,6762292510582807156,true,2020-07-03,125838.64
986,Tadio,Style,tstylerd@skype.com,6762903907547384,false,2021-04-08,93276.34
987,Brandi,Bea,bbeare@microsoft.com,348402187693592,true,2020-06-28,81762.0
988,Louie,Coppard,lcoppardrf@vistaprint.com,3577946583515649,true,2020-07-03,77847.55
989,Lucais,Strase,lstraserg@unc.edu,374622642927395,false,2021-05-07,45557.69
990,Hasheem,Peasnone,hpeasnonerh@goo.gl,3553051692207044,false,2021-03-31,122339.3
991,Ruddie,Pendrill,rpendrillri@wired.com,3558782432570284,false,2021-05-13,69094.81
992,Rubin,Brawson,rbrawsonrj@pinterest.com,3555365009955477,true,2021-03-30,137088.27
993,Ursula,Marfe,umarferk@jalbum.net,3567666959518371,false,2020-07-02,108903.91
994,Inesita,Muffett,imuffettrl@nyu.edu,67624632159059497,true,2021-01-26,168938.25
995,Mose,Portlock,mportlockrm@abc.net.au,3539866067255222,true,2020-11-16,127751.39
996,Jarad,Lillee,jlilleern@marketwatch.com,201877869745958,false,2021-04-24,58839.74
997,Harper,Girkin,hgirkinro@tuttocitta.it,201760571896915,false,2020-08-05,164709.91
998,Kalle,Attwoul,kattwoulrp@ucoz.com,560224560389994498,true,2020-07-14,146518.78
999,Bill,Rockliffe,brocklifferq@ocn.ne.jp,201481138617062,false,2020-06-24,58659.87
1000,LastRow,Lucian,slucianrr@boston.com,4041595653932,false,2021-01-31,135439.74