SKIP THIS LINE
ID,FIRST_NAME,LAST_NAME,EMAIL,PAYMENT_INSTRUMENT,IS_SILLY,START_DATE,SALARY
1,Vern,Rubinivitz,vrubinivitz0@typepad.com,5405254905920503,true,2020-08-19,48600.3
2,Jessy,Hennington,jhennington1@clickbank.net,3532309096677683,false,2020-08-11,119206.16
3,Mehetabel,Druitt,mdruitt2@naver.com,4405662921475042,false,2020-06-26,195284.14
4,Fanchette,Crockley,fcrockley3@tiny.cc,3550877941741026,true,2020-06-04,137926.05
5,Matty,Caccavari,mcaccavari4@craigslist.org,3535394206442449,false,2020-10-30,83003.1
6,Zuzana,Pittock,zpittock5@joomla.org,3550057710590637,true,2021-03-31,119183.5
7,Arnuad,Baggallay,abaggallay6@fotki.com,4041371587851997,true,2020-09-30,114099.02
8,Ninnetta,Armstead,narmstead7@wikipedia.org,4026881374166408,true,2020-10-30,157500.84
9,Christie,Wastie,cwastie8@ow.ly,3565316159887661,true,2021-02-09,132148.88
10,Faina,Moggie,fmoggie9@oaic.gov.au,201884559150549,true,2021-04-20,61520.68
11,Auberta,Blake,ablakea@bbb.org,561094958216845047,true,2020-12-28,99726.31
12,Cornie,Gully,cgullyb@msu.edu,5602240591559557,true,2020-07-18,195976.73
13,Kendal,Regnard,kregnardc@businessweek.com,3589952799544189,false,2020-12-04,198870.46
14,Noam,Petteford,npettefordd@posterous.com,6372116499036045,false,2021-01-07,62195.48
15,Giffer,Fairbairn,gfairbairne@fc2.com,3535389552922580,true,2020-08-17,90670.18
16,Niccolo,Sines,nsinesf@google.pl,3589251310345253,false,2021-05-20,141319.34
17,Janette,Pinfold,jpinfoldg@thetimes.co.uk,3567349253220164,false,2020-12-27,59170.58
18,Ivory,MacAndreis,imacandreish@ezinearticles.com,3549824880989574,false,2020-11-17,113899.9
19,Gauthier,Shotboulte,gshotboultei@prweb.com,3589376654201075,false,2021-04-20,100520.12
20,Katalin,Ciccoloi,kciccoloij@answers.com,374622990345885,true,2020-08-24,197960.73
21,Nike,Boken,nbokenk@alibaba.com,491180848339956810,false,2020-08-06,60205.22
22,Brianna,Northin,bnorthinl@ed.gov,4041593552666031,true,2020-09-03,156189.89
23,Durand,Ragbourne,dragbournem@google.co.jp,3581407775111360,false,2020-11-15,108747.8
24,Sharline,Surgood,ssurgoodn@artisteer.com,3552539147236403,true,2020-12-31,46087.4
25,Joeann,Lawn,jlawno@wisc.edu,201542327768311,true,2021-02-02,94354.66
26,Jay,Fruish,jfruishp@mapy.cz,633400127540339186,true,2020-08-28,158645.86
27,Almire,Pavis,apavisq@quantcast.com,6759421337266314220,true,2020-12-31,112244.19
28,Sybyl,O'Kielt,sokieltr@jugem.jp,3560878664379398,true,2021-02-16,110724.28
29,Janelle,Joy,jjoys@digg.com,30427925174814,false,2020-12-28,122965.92
30,Brandea,Offer,boffert@gmpg.org,3555395933522390,true,2021-02-20,41710.33
31,Dacey,Carberry,dcarberryu@bloglovin.com,3575137649285151,true,2020-06-23,98023.6
32,Tricia,Mance,tmancev@stumbleupon.com,4017959988148,false,2020-11-06,177190.89
33,Tito,McDonell,tmcdonellw@newyorker.com,5602259650008793,false,2020-10-01,69791.15
34,Lucio,Divall,ldivallx@hexun.com,63043214546925235,false,2021-04-24,88023.24
35,Patrica,Lindup,plindupy@salon.com,3542915214334995,false,2020-06-28,47733.9
36,Muire,Gudgion,mgudgionz@usnews.com,4508482318549283,true,2021-03-03,71266.86
37,Silvan,Pighills,spighills10@mail.ru,3552695446897640,false,2020-09-30,115997.01
38,Northrup,Wigfield,nwigfield11@deliciousdays.com,3568992521090098,true,2021-03-15,119731.56
39,Shandie,Bigrigg,sbigrigg12@cnn.com,3556597132787927,false,2021-03-20,105985.21
40,Consuela,Bardwall,cbardwall13@dell.com,374288312011611,false,2020-08-13,104935.58
41,Barde,Byng,bbyng14@ocn.ne.jp,374622079034681,true,2021-02-18,174202.86
42,Janis,Arstingall,jarstingall15@acquirethisname.com,201776978662049,false,2021-01-08,113850.94
43,Charmine,Fosdick,cfosdick16@utexas.edu,5602213374870943354,true,2020-08-25,69692.18
44,Violetta,Brettel,vbrettel17@unesco.org,4405413374790598,false,2020-06-06,74683.73
45,Emmey,Ferminger,eferminger18@nba.com,6333297992035870707,false,2020-12-02,83660.34
46,Levi,Millis,lmillis19@dagondesign.com,3553963377988138,false,2020-08-27,138183.59
47,Rustie,Bodicum,rbodicum1a@artisteer.com,6371888127949010,true,2020-09-25,192301.16
48,Gisele,Poli,gpoli1b@census.gov,3552666289054623,true,2021-01-06,174581.04
49,Tiphani,Episcopio,tepiscopio1c@netscape.com,3544138659524453,true,2020-11-26,184126.47
50,Papagena,Egel,pegel1d@fda.gov,5503248140069200,true,2020-08-24,76361.04
51,Heinrik,Attiwill,hattiwill1e@washingtonpost.com,5602240208011810,false,2021-03-17,175769.92
52,Rhianon,Joel,rjoel1f@trellian.com,5020031061795407,true,2021-04-04,45294.88
53,Perkin,Honig,phonig1g@google.com.br,3588848413322526,false,2020-09-01,126923.57
54,Winona,Portam,wportam1h@census.gov,30576317744897,false,2020-10-31,153470.62
55,Valentijn,Lande,vlande1i@aboutads.info,6759122531121039558,false,2021-02-16,142064.18
56,Reinwald,Danilin,rdanilin1j@webnode.com,4903993305540953,false,2020-10-17,46435.92
57,Donalt,Gouny,dgouny1k@home.pl,3532508927897929,true,2020-06-21,113176.18
58,Caitrin,Paike,cpaike1l@illinois.edu,560225238232165884,false,2021-05-20,52706.27
59,Giselbert,Drewett,gdrewett1m@creativecommons.org,5507858735515395,false,2021-01-22,169204.68
60,Sigismondo,Lattka,slattka1n@geocities.com,491135382236457801,true,2020-11-15,156622.52
61,Cam,Rodear,crodear1o@ucla.edu,5100138674851577,false,2021-03-16,150279.33
62,Skipton,de Chastelain,sdechastelain1p@epa.gov,5007660586268362,false,2021-02-16,179342.12
63,Clywd,Rosenqvist,crosenqvist1q@cnn.com,30462534818956,true,2020-08-07,41773.67
64,Onfroi,Studdard,ostuddard1r@illinois.edu,3555198417645962,true,2021-04-10,177076.8
65,Clemmy,Beyn,cbeyn1s@shutterfly.com,3581676812390597,true,2021-01-09,171966.2
66,Foss,Farre,ffarre1t@webeden.co.uk,6767352564239478,true,2020-12-24,170660.54
67,Rebbecca,Girton,rgirton1u@kickstarter.com,201978223170428,true,2021-01-25,51510.34
68,Georgie,Vaudre,gvaudre1v@un.org,3566817249319986,false,2020-09-24,118319.03
69,Foster,Forryan,fforryan1w@cargocollective.com,5002356955957892,true,2020-11-29,171177.3
70,Abey,Crawshaw,acrawshaw1x@liveinternet.ru,3587074511461394,false,2020-09-22,48350.17
71,Cookie,Cavie,ccavie1y@yelp.com,5602215818870474,false,2020-06-03,188217.2
72,Gretta,Vaughan-Hughes,gvaughanhughes1z@dropbox.com,3534536876689987,true,2020-09-18,72222.32
73,Sheffield,Ridgway,sridgway20@mysql.com,3580918470510426,true,2020-11-11,195116.58
74,Chris,Claypole,cclaypole21@ed.gov,3540152517106688,true,2021-01-18,190778.38
75,Denys,Mulcahy,dmulcahy22@paypal.com,3537456905949202,false,2020-07-15,160313.24
76,Hunfredo,Dakin,hdakin23@sourceforge.net,3528709918324511,false,2021-02-16,168271.15
77,Lori,Orwin,lorwin24@mediafire.com,3567378420993056,false,2020-07-21,94569.1
78,Foss,Bunclark,fbunclark25@earthlink.net,67625641873746403,true,2020-06-18,182167.6
79,Violet,Seagrave,vseagrave26@wunderground.com,3534102810744931,true,2021-05-06,86021.27
80,Selia,Dainter,sdainter27@fda.gov,3551905402483710,false,2020-10-21,181989.43
81,Giffy,Musico,gmusico28@github.io,4041374521934580,true,2021-01-19,134836.67
82,Hercules,Chotty,hchotty29@fda.gov,5893323726070322543,false,2021-04-20,124551.21
83,Hamlen,Robez,hrobez2a@dion.ne.jp,63040601335613019,true,2020-08-31,65378.55
84,Mia,Glyssanne,mglyssanne2b@google.com.br,3586064767753868,true,2020-08-19,61696.47
85,Rica,Clemot,rclemot2c@scribd.com,3582296029450834,false,2020-09-19,43515.62
86,Leanor,Walkingshaw,lwalkingshaw2d@merriam-webster.com,3538282583202048,false,2020-07-16,171050.2
87,Andrei,Saltmarsh,asaltmarsh2e@nps.gov,3553749507075551,false,2020-11-27,137422.98
88,Wolfie,Normant,wnormant2f@flavors.me,4041598143238,false,2020-11-16,87979.1
89,Evvy,Cassell,ecassell2g@flickr.com,3577196263404264,false,2020-11-06,110747.0
90,Emera,Leggs,eleggs2h@dell.com,3533783164753262,false,2020-09-09,119666.35
91,Miltie,Posvner,mposvner2i@geocities.jp,348937537080255,false,2020-05-25,152531.41
92,Blakelee,Ouver,bouver2j@hhs.gov,3586604664878951,true,2020-05-29,138829.39
93,Vivia,Overshott,vovershott2k@nature.com,5893797128108606251,true,2021-01-18,171345.83
94,Zorah,Bartel,zbartel2l@aol.com,633317052486521898,false,2020-09-13,63686.16
95,Carrol,Darridon,cdarridon2m@t.co,3568893261874073,true,2021-02-08,43032.56
96,Maude,Linnard,mlinnard2n@dropbox.com,3577996337432872,false,2021-05-20,128682.81
97,Huntley,Drewes,hdrewes2o@sphinn.com,5602225678823802,false,2021-03-15,189173.84
98,Kordula,Whitter,kwhitter2p@gravatar.com,3534820309287621,true,2021-05-16,157577.85
99,Lisette,Reinert,lreinert2q@bandcamp.com,5100141171850761,false,2020-12-31,151950.4
100,Alisander,Truett,atruett2r@istockphoto.com,372301711421158,true,2020-07-17,139272.99